hour_number,price,to_drop,demand,capacity
20240223-1,25.32,DSO-RD;,14740,24684
20240223-2,23.86,DSO-RD;,14314,24748
20240223-3,20.92,DSO-RD;,14103,24909
20240223-4,19.73,DSO-RD;,14063,25234
20240223-5,20.07,DSO-RD;,14210,25448
20240223-6,23.43,DSO-RD;,14836,25446
20240223-7,27.76,DSO-RD;,16247,25381
20240223-8,33.45,DSO-RD;,17420,25363
20240223-9,33.72,DSO-RD;,17582,25454
20240223-10,27.92,DSO-RD;,17143,25571
20240223-11,23.99,DSO-RD;,16159,25081
20240223-12,18.98,DSO-RD;,15767,25385
20240223-13,17.21,DSO-RD;,15538,26193
20240223-14,17.1,DSO-RD;,15459,26534
20240223-15,17.1,DSO-RD;,15414,26747
20240223-16,16.24,DSO-RD;,15653,26996
20240223-17,16.6,DSO-RD;,16279,27077
20240223-18,18.14,DSO-RD;,17534,27080
20240223-19,21.44,DSO-RD;,18149,27240
20240223-20,24.91,DSO-RD;,18339,27298
20240223-21,24.63,DSO-RD;,18222,27024
20240223-22,23.74,DSO-RD;,17626,26680
20240223-23,20.81,DSO-RD;,16946,27130
20240223-24,20.13,DSO-RD;,16307,26988
20231223-1,29.5,DSO-RD;,14681,25294
20231223-2,29.71,DSO-RD;,14224,25182
20231223-3,33.03,DSO-RD;,13891,25022
20231223-4,30.93,DSO-RD;,13731,25071
20231223-5,27.77,DSO-RD;,13872,25169
20231223-6,24.38,DSO-RD;,13989,25277
20231223-7,24.61,DSO-RD;,14457,25540
20231223-8,27.79,DSO-RD;,15187,25670
20231223-9,29.31,DSO-RD;,15867,25702
20231223-10,31.67,DSO-RD;,16600,25634
20231223-11,34.72,DSO-RD;,17050,25487
20231223-12,34.43,DSO-RD;,17404,25414
20231223-13,32.13,DSO-RD;,17488,25359
20231223-14,30.62,DSO-RD;,17444,25197
20231223-15,29.66,DSO-RD;,17365,25053
20231223-16,31.35,DSO-RD;,17365,24858
20231223-17,42.81,DSO-RD;,17730,24733
20231223-18,33.84,DSO-RD;,18051,24675
20231223-19,31.91,DSO-RD;,17591,24625
20231223-20,29.29,DSO-RD;,17189,24646
20231223-21,29.26,DSO-RD;,16719,24692
20231223-22,30.81,DSO-RD;,16184,24614
20231223-23,28.15,DSO-RD;,15328,24595
20231223-24,25.5,DSO-RD;,14558,24590
20231222-1,31.18,DSO-RD;,15506,27019
20231222-2,31.46,DSO-RD;,15115,26825
20231222-3,28.89,DSO-RD;,14923,26632
20231222-4,28.55,DSO-RD;,14814,26676
20231222-5,28.55,DSO-RD;,15010,26726
20231222-6,31.56,DSO-RD;,15461,26584
20231222-7,34.35,DSO-RD;,16490,26444
20231222-8,34.72,DSO-RD;,17748,26418
20231222-9,35.86,DSO-RD;,18173,26485
20231222-10,36.31,DSO-RD;,18198,26548
20231222-11,34.18,DSO-RD;,18078,26525
20231222-12,34.05,DSO-RD;,17956,26542
20231222-13,33.27,DSO-RD;,17758,26646
20231222-14,34.41,DSO-RD;,17725,26513
20231222-15,33.03,DSO-RD;,17668,26403
20231222-16,32.81,DSO-RD;,17933,26581
20231222-17,34.13,DSO-RD;,18467,26694
20231222-18,33.55,DSO-RD;,18941,26774
20231222-19,33.37,DSO-RD;,18543,26982
20231222-20,34.13,DSO-RD;,18138,26984
20231222-21,33.46,DSO-RD;,17819,27030
20231222-22,31.08,DSO-RD;,17209,27072
20231222-23,31.2,DSO-RD;,16256,26978
20231222-24,30.84,DSO-RD;,15297,25941
20240222-1,19.96,DSO-RD;,14314,28109
20240222-2,14.74,DSO-RD;,13954,27788
20240222-3,20.12,DSO-RD;,13799,27604
20240222-4,14.51,DSO-RD;,13813,26736
20240222-5,14.75,DSO-RD;,14015,26442
20240222-6,19.99,DSO-RD;,14507,26148
20240222-7,23.58,DSO-RD;,15847,25859
20240222-8,33.83,DSO-RD;,17416,25531
20240222-9,33.65,DSO-RD;,17735,24891
20240222-10,28.95,DSO-RD;,17283,24815
20240222-11,34.99,DSO-RD;,17294,24930
20240222-12,34.68,DSO-RD;,17125,24922
20240222-13,28.19,DSO-RD;,16699,24841
20240222-14,27.14,DSO-RD;,16508,24927
20240222-15,24.17,DSO-RD;,16391,25009
20240222-16,26.42,DSO-RD;,16778,24978
20240222-17,31.27,DSO-RD;,17250,25021
20240222-18,32.91,DSO-RD;,17554,24993
20240222-19,34.95,DSO-RD;,17863,24519
20240222-20,41.37,DSO-RD;,17991,24553
20240222-21,48.66,DSO-RD;,17636,24642
20240222-22,30.3,DSO-RD;,17138,24692
20240222-23,27.78,DSO-RD;,16265,24625
20240222-24,25.62,DSO-RD;,15418,24642
20240208-1,27.25,DSO-RD;,14714,25825
20240208-2,26.77,DSO-RD;,14338,25783
20240208-3,25.57,DSO-RD;,14250,25847
20240208-4,25.84,DSO-RD;,14273,25802
20240208-5,25.86,DSO-RD;,14296,25827
20240208-6,27.57,DSO-RD;,14837,26010
20240208-7,31.05,DSO-RD;,16423,25964
20240208-8,35.79,DSO-RD;,17578,25844
20240208-9,30.5,DSO-RD;,17265,26095
20240208-10,26.67,DSO-RD;,16984,26330
20240208-11,26.04,DSO-RD;,16813,26384
20240208-12,28.33,DSO-RD;,16643,26209
20240208-13,44.5,DSO-RD;,16705,25175
20240208-14,29.16,DSO-RD;,16447,25382
20240208-15,25.72,DSO-RD;,15998,25671
20240208-16,25.99,DSO-RD;,16312,25758
20240208-17,26.17,DSO-RD;,17238,26083
20240208-18,26.94,DSO-RD;,17677,26421
20240208-19,25.98,DSO-RD;,17646,26199
20240208-20,29.58,DSO-RD;,17393,27762
20240208-21,30.28,DSO-RD;,17167,27826
20240208-22,27.25,DSO-RD;,16843,28071
20240208-23,22.47,DSO-RD;,15823,28113
20240208-24,17.67,DSO-RD;,14867,27958
20240220-1,25.5,DSO-RD;,15205,25285
20240220-2,26.84,DSO-RD;,14903,25331
20240220-3,25.99,DSO-RD;,14835,25301
20240220-4,27.1,DSO-RD;,14899,25309
20240220-5,27.25,DSO-RD;,15147,25503
20240220-6,27.79,DSO-RD;,15903,25670
20240220-7,33.54,DSO-RD;,17218,25531
20240220-8,43.33,DSO-RD;,18527,25477
20240220-9,33.43,DSO-RD;,18379,25129
20240220-10,32.47,DSO-RD;,17841,25028
20240220-11,27.31,DSO-RD;,17110,25370
20240220-12,25.16,DSO-RD;,16789,25188
20240220-13,25.11,DSO-RD;,16649,25234
20240220-14,23.67,DSO-RD;,16528,25248
20240220-15,23.54,DSO-RD;,16320,25475
20240220-16,23.43,DSO-RD;,16609,25620
20240220-17,23.67,DSO-RD;,17233,25386
20240220-18,27.96,DSO-RD;,18287,25518
20240220-19,26.5,DSO-RD;,18683,25838
20240220-20,27.62,DSO-RD;,18693,26152
20240220-21,28.86,DSO-RD;,18533,26707
20240220-22,23.01,DSO-RD;,17974,26721
20240220-23,23.59,DSO-RD;,17058,27165
20240220-24,24.69,DSO-RD;,16110,27126
20231220-1,20.75,DSO-RD;,15219,27862
20231220-2,17.13,DSO-RD;,14693,27767
20231220-3,22.47,DSO-RD;,14607,27631
20231220-4,18.18,DSO-RD;,14510,27551
20231220-5,25.96,DSO-RD;,14720,27311
20231220-6,28.34,DSO-RD;,15194,27166
20231220-7,30.38,DSO-RD;,16442,26987
20231220-8,30.69,DSO-RD;,17962,26894
20231220-9,33.02,DSO-RD;,18356,26449
20231220-10,31.35,DSO-RD;,18335,26177
20231220-11,33.87,DSO-RD;,18192,25932
20231220-12,32.13,DSO-RD;,17936,25731
20231220-13,34.52,DSO-RD;,17472,25477
20231220-14,34.95,DSO-RD;,17901,25426
20231220-15,33.66,DSO-RD;,18043,25225
20231220-16,32.92,DSO-RD;,18348,25184
20231220-17,33.19,DSO-RD;,19038,25087
20231220-18,34.43,DSO-RD;,19452,25083
20231220-19,37.46,DSO-RD;,19224,25177
20231220-20,39.09,DSO-RD;,18806,25226
20231220-21,39.42,DSO-RD;,18485,25320
20231220-22,37.2,DSO-RD;,17746,25336
20231220-23,31.97,DSO-RD;,16752,25507
20231220-24,27.4,DSO-RD;,15706,25581
20231209-1,17.79,DSO-RD;,14149,27275
20231209-2,14.34,DSO-RD;,13664,27333
20231209-3,22.23,DSO-RD;,13325,27244
20231209-4,17.85,DSO-RD;,13157,27133
20231209-5,26.74,DSO-RD;,13242,26984
20231209-6,15.74,DSO-RD;,13452,26867
20231209-7,14.34,DSO-RD;,13934,26913
20231209-8,24.72,DSO-RD;,14491,27138
20231209-9,27.7,DSO-RD;,15167,27519
20231209-10,28.2,DSO-RD;,15763,27715
20231209-11,28.21,DSO-RD;,16098,28082
20231209-12,28.21,DSO-RD;,16439,28077
20231209-13,20.75,DSO-RD;,16583,28087
20231209-14,27.63,DSO-RD;,16360,28181
20231209-15,17.11,DSO-RD;,16252,28263
20231209-16,23.89,DSO-RD;,16476,28276
20231209-17,26.47,DSO-RD;,16871,28005
20231209-18,28.88,DSO-RD;,17204,28026
20231209-19,30.15,DSO-RD;,16800,27572
20231209-20,31.04,DSO-RD;,16453,26846
20231209-21,30.53,DSO-RD;,16146,25816
20231209-22,31.37,DSO-RD;,15725,25699
20231209-23,28.23,DSO-RD;,14758,25524
20231209-24,27.86,DSO-RD;,13975,25966
20231221-1,28.4,DSO-RD;,15117,25998
20231221-2,24.17,DSO-RD;,14505,26039
20231221-3,23.22,DSO-RD;,14258,26111
20231221-4,23.44,DSO-RD;,14174,26305
20231221-5,26.53,DSO-RD;,14426,26463
20231221-6,26.98,DSO-RD;,14991,26612
20231221-7,31.09,DSO-RD;,16232,26749
20231221-8,31.04,DSO-RD;,17586,26566
20231221-9,31.65,DSO-RD;,18000,26781
20231221-10,30.96,DSO-RD;,17656,26996
20231221-11,27.69,DSO-RD;,17275,27215
20231221-12,26.66,DSO-RD;,17054,26950
20231221-13,26.47,DSO-RD;,16866,27791
20231221-14,29.03,DSO-RD;,17070,27543
20231221-15,29.43,DSO-RD;,17395,27452
20231221-16,29.67,DSO-RD;,17959,27227
20231221-17,29.69,DSO-RD;,18817,27057
20231221-18,29.51,DSO-RD;,19625,27132
20231221-19,31.82,DSO-RD;,19359,27118
20231221-20,34.61,DSO-RD;,19224,27079
20231221-21,43.18,DSO-RD;,19005,27077
20231221-22,37.16,DSO-RD;,18430,27100
20231221-23,34.85,DSO-RD;,17323,27049
20231221-24,29.4,DSO-RD;,16201,26991
20240221-1,25.26,DSO-RD;,15473,26702
20240221-2,20.17,DSO-RD;,15026,26900
20240221-3,20.41,DSO-RD;,14848,27018
20240221-4,15.43,DSO-RD;,14845,27139
20240221-5,17.26,DSO-RD;,15144,27256
20240221-6,23.21,DSO-RD;,15598,27388
20240221-7,26.61,DSO-RD;,16776,27478
20240221-8,26.8,DSO-RD;,17758,27264
20240221-9,26.96,DSO-RD;,17612,27250
20240221-10,25.41,DSO-RD;,17084,26969
20240221-11,26.78,DSO-RD;,16702,26949
20240221-12,22.51,DSO-RD;,16369,26921
20240221-13,20.72,DSO-RD;,15695,27038
20240221-14,20.16,ADMIN;,15815,27111
20240221-15,21.98,ADMIN;,15926,27178
20240221-16,19.19,DSO-RD;,16475,27599
20240221-17,20.69,DSO-RD;,17194,27564
20240221-18,24.84,DSO-RD;,17999,27941
20240221-19,27.59,DSO-RD;,18195,27756
20240221-20,23.02,DSO-RD;,17897,27866
20240221-21,19.81,DSO-RD;,17473,28241
20240221-22,21.96,DSO-RD;,16791,28277
20240221-23,20.36,DSO-RD;,15831,28190
20240221-24,21.32,DSO-RD;,15035,28202
20240209-1,14.34,DSO-RD;,14310,27658
20240209-2,14.75,DSO-RD;,13901,27662
20240209-3,14.33,DSO-RD;,13698,27483
20240209-4,14.33,DSO-RD;,13727,27642
20240209-5,15.55,DSO-RD;,13812,27618
20240209-6,16.87,DSO-RD;,14268,27077
20240209-7,23.63,DSO-RD;,15331,27622
20240209-8,25.22,DSO-RD;,16496,27592
20240209-9,24.34,DSO-RD;,16664,28001
20240209-10,23.25,DSO-RD;,16422,28320
20240209-11,15.61,DSO-RD;,16105,28256
20240209-12,14.34,DSO-RD;,15558,28365
20240209-13,14.32,DSO-RD;,15531,28313
20240209-14,14.34,DSO-RD;,15707,28389
20240209-15,17.78,DSO-RD;,15743,28395
20240209-16,26.58,DSO-RD;,16142,28225
20240209-17,23.67,DSO-RD;,16684,27973
20240209-18,27.11,DSO-RD;,17056,27259
20240209-19,27.53,DSO-RD;,17057,27251
20240209-20,25.22,DSO-RD;,16815,27285
20240209-21,25.16,DSO-RD;,16416,27148
20240209-22,24.55,DSO-RD;,15861,27659
20240209-23,19.55,DSO-RD;,15063,26873
20240209-24,10.91,DSO-RD;,14095,26719
20240225-1,27.58,DSO-RD;,15309,26462
20240225-2,27.43,DSO-RD;,14915,26861
20240225-3,26.23,DSO-RD;,14755,26465
20240225-4,26.22,DSO-RD;,14518,26598
20240225-5,26.23,DSO-RD;,14535,26765
20240225-6,22.63,DSO-RD;,14686,26810
20240225-7,22.63,DSO-RD;,14977,26989
20240225-8,26.22,DSO-RD;,15316,27271
20240225-9,22.93,DSO-RD;,15341,27474
20240225-10,14.36,DSO-RD;,15048,27708
20240225-11,14.37,DSO-RD;,14668,27918
20240225-12,6.11,DSO-RD;,14533,28042
20240225-13,8.83,DSO-RD;,14518,28093
20240225-14,20.51,DSO-RD;,14777,28084
20240225-15,23.36,DSO-RD;,15227,28045
20240225-16,23.18,DSO-RD;,16062,28004
20240225-17,24.77,DSO-RD;,16856,27649
20240225-18,27.52,DSO-RD;,17555,27538
20240225-19,26.6,DSO-RD;,17713,27596
20240225-20,27.67,DSO-RD;,17425,27521
20240225-21,28.95,DSO-RD;,17075,27305
20240225-22,26.96,DSO-RD;,16623,27141
20240225-23,24.24,DSO-RD;,15757,26903
20240225-24,22.03,DSO-RD;,14587,26588
20240219-1,23.77,DSO-RD;,15497,26706
20240219-2,26.08,DSO-RD;,15279,26426
20240219-3,26.59,DSO-RD;,15201,26023
20240219-4,30.06,DSO-RD;,15075,25633
20240219-5,27.31,DSO-RD;,15288,25438
20240219-6,27.37,DSO-RD;,15547,25219
20240219-7,29.65,DSO-RD;,16134,25057
20240219-8,27.57,DSO-RD;,16581,25039
20240219-9,27.57,DSO-RD;,16643,25105
20240219-10,27.4,DSO-RD;,16586,25552
20240219-11,27.16,DSO-RD;,16259,25248
20240219-12,26.28,DSO-RD;,15983,25157
20240219-13,25.55,DSO-RD;,15836,25245
20240219-14,22.64,DSO-RD;,15724,25211
20240219-15,22.62,DSO-RD;,15779,25165
20240219-16,23.41,DSO-RD;,16312,25145
20240219-17,26.27,DSO-RD;,17423,25119
20240219-18,40.36,DSO-RD;,18445,24977
20240219-19,33.83,DSO-RD;,18745,25004
20240219-20,33.8,DSO-RD;,18328,25297
20240219-21,25.54,DSO-RD;,17862,25509
20240219-22,25.76,DSO-RD;,17195,24976
20240219-23,25.62,DSO-RD;,16367,25041
20240219-24,26.74,DSO-RD;,15757,25218
20231219-1,12.73,DSO-RD;,14934,29069
20231219-2,14.24,DSO-RD;,14639,28879
20231219-3,13.37,DSO-RD;,14434,28735
20231219-4,14.07,DSO-RD;,14426,28653
20231219-5,12.91,DSO-RD;,14490,28486
20231219-6,23.97,DSO-RD;,15085,28046
20231219-7,31.35,DSO-RD;,16376,27887
20231219-8,31.99,DSO-RD;,17959,27610
20231219-9,31.56,DSO-RD;,18456,27376
20231219-10,32.88,DSO-RD;,18647,27037
20231219-11,33.6,DSO-RD;,18620,26503
20231219-12,32.69,DSO-RD;,18284,26195
20231219-13,29.72,DSO-RD;,17844,26218
20231219-14,28.16,DSO-RD;,17623,26303
20231219-15,27.98,DSO-RD;,17631,26451
20231219-16,31.64,DSO-RD;,18165,26295
20231219-17,36.72,DSO-RD;,19035,26457
20231219-18,36.02,DSO-RD;,19717,26453
20231219-19,33.11,DSO-RD;,19324,26548
20231219-20,32.67,DSO-RD;,19138,26827
20231219-21,32.06,DSO-RD;,18789,27121
20231219-22,29.28,DSO-RD;,18006,27320
20231219-23,27.82,DSO-RD;,17086,27907
20231219-24,21.65,DSO-RD;,15942,28094
20231231-1,34.3,DSO-RD;,14176,26190
20231231-2,33.32,DSO-RD;,13834,26190
20231231-3,25.96,DSO-RD;,13578,26184
20231231-4,31.71,DSO-RD;,13469,26118
20231231-5,31.01,DSO-RD;,13451,26063
20231231-6,31.37,DSO-RD;,13601,25976
20231231-7,22.58,DSO-RD;,13739,26013
20231231-8,16.67,DSO-RD;,14368,26032
20231231-9,23.39,DSO-RD;,14874,26165
20231231-10,26.89,DSO-RD;,15507,26234
20231231-11,28.63,DSO-RD;,15926,26301
20231231-12,30.61,DSO-RD;,16354,26387
20231231-13,34.01,DSO-RD;,16792,26194
20231231-14,35.87,DSO-RD;,17013,26013
20231231-15,36.18,DSO-RD;,17158,26009
20231231-16,35.8,DSO-RD;,17279,25988
20231231-17,34.8,DSO-RD;,17700,25967
20231231-18,35.19,DSO-RD;,18017,26015
20231231-19,43.29,DSO-RD;,17570,26011
20231231-20,32.73,DSO-RD;,17114,26011
20231231-21,30.38,DSO-RD;,16499,26121
20231231-22,27.12,DSO-RD;,15939,26183
20231231-23,27.27,DSO-RD;,15328,26144
20231231-24,27.79,DSO-RD;,14942,26168
20231225-1,25.88,DSO-RD;,13103,26830
20231225-2,24.6,DSO-RD;,12819,26854
20231225-3,25.63,DSO-RD;,12552,26695
20231225-4,30.89,DSO-RD;,12560,26751
20231225-5,25.56,DSO-RD;,12648,26628
20231225-6,24.36,DSO-RD;,12756,26726
20231225-7,24.2,DSO-RD;,13099,26926
20231225-8,17.67,DSO-RD;,13690,26974
20231225-9,19.01,DSO-RD;,14250,27258
20231225-10,21.9,DSO-RD;,14733,27285
20231225-11,24.24,DSO-RD;,15089,27243
20231225-12,24.29,DSO-RD;,15261,27110
20231225-13,24.27,DSO-RD;,15067,26993
20231225-14,24.25,DSO-RD;,15054,26970
20231225-15,24.9,DSO-RD;,15329,26883
20231225-16,24.26,DSO-RD;,15541,26994
20231225-17,23.49,DSO-RD;,15769,27176
20231225-18,23.51,DSO-RD;,15795,27442
20231225-19,25.38,DSO-RD;,15174,27679
20231225-20,17.48,DSO-RD;,14816,27911
20231225-21,14.38,DSO-RD;,14641,28017
20231225-22,17.38,DSO-RD;,14376,28045
20231225-23,19.55,DSO-RD;,13773,27880
20231225-24,25.23,DSO-RD;,13185,27878
20231224-1,28.58,DSO-RD;,13907,25900
20231224-2,30.59,DSO-RD;,13455,25901
20231224-3,31.55,DSO-RD;,13224,25872
20231224-4,32.0,DSO-RD;,13006,25857
20231224-5,27.64,DSO-RD;,12997,25869
20231224-6,25.09,DSO-RD;,13164,25877
20231224-7,31.9,DSO-RD;,13612,25285
20231224-8,31.78,DSO-RD;,14440,25286
20231224-9,26.34,DSO-RD;,15209,25370
20231224-10,27.36,DSO-RD;,15817,25450
20231224-11,28.4,DSO-RD;,16151,26124
20231224-12,41.27,DSO-RD;,16658,26201
20231224-13,44.77,DSO-RD;,16823,26150
20231224-14,32.4,DSO-RD;,16664,26237
20231224-15,36.28,DSO-RD;,16661,26248
20231224-16,32.2,DSO-RD;,16780,26120
20231224-17,32.26,DSO-RD;,16935,26129
20231224-18,27.49,DSO-RD;,16877,26181
20231224-19,28.59,DSO-RD;,16296,26235
20231224-20,32.75,DSO-RD;,15764,26342
20231224-21,29.74,DSO-RD;,15426,26509
20231224-22,26.9,DSO-RD;,14935,26597
20231224-23,24.44,DSO-RD;,14378,26692
20231224-24,24.5,DSO-RD;,13767,26719
20231230-1,30.63,DSO-RD;,14005,26514
20231230-2,27.34,DSO-RD;,13548,26416
20231230-3,24.98,DSO-RD;,13293,26416
20231230-4,26.89,DSO-RD;,13189,26422
20231230-5,29.38,DSO-RD;,13389,26497
20231230-6,26.88,DSO-RD;,13753,26386
20231230-7,25.88,DSO-RD;,14160,26383
20231230-8,25.05,DSO-RD;,14703,26186
20231230-9,25.96,DSO-RD;,15241,26154
20231230-10,28.86,DSO-RD;,15844,26229
20231230-11,39.84,DSO-RD;,16323,26208
20231230-12,41.01,DSO-RD;,16700,26370
20231230-13,51.93,DSO-RD;,16999,26334
20231230-14,35.22,DSO-RD;,17118,26321
20231230-15,29.0,DSO-RD;,17188,26310
20231230-16,28.01,DSO-RD;,17361,26206
20231230-17,35.82,DSO-RD;,17899,26019
20231230-18,38.72,DSO-RD;,18138,26017
20231230-19,36.03,DSO-RD;,17798,25964
20231230-20,37.37,DSO-RD;,17328,26013
20231230-21,33.55,DSO-RD;,16862,26087
20231230-22,34.63,DSO-RD;,16304,26135
20231230-23,31.0,DSO-RD;,15470,26126
20231230-24,28.94,DSO-RD;,14774,26209
20231218-1,26.88,DSO-RD;,14088,26580
20231218-2,21.72,DSO-RD;,13576,26508
20231218-3,16.24,DSO-RD;,13351,25792
20231218-4,14.35,DSO-RD;,13251,25443
20231218-5,7.27,DSO-RD;,13250,25674
20231218-6,4.14,DSO-RD;,13891,25834
20231218-7,25.75,DSO-RD;,15120,26083
20231218-8,26.97,DSO-RD;,16408,26238
20231218-9,27.15,DSO-RD;,17373,26363
20231218-10,28.64,DSO-RD;,17342,26299
20231218-11,32.49,DSO-RD;,17601,26573
20231218-12,29.76,DSO-RD;,17809,26769
20231218-13,29.04,DSO-RD;,17515,27359
20231218-14,28.94,DSO-RD;,17507,27672
20231218-15,29.86,DSO-RD;,17637,27919
20231218-16,27.06,DSO-RD;,17718,27815
20231218-17,29.26,DSO-RD;,18364,28068
20231218-18,31.82,DSO-RD;,19033,28229
20231218-19,28.42,DSO-RD;,18487,28305
20231218-20,27.77,DSO-RD;,18385,28123
20231218-21,27.4,DSO-RD;,17978,27952
20231218-22,29.83,DSO-RD;,17695,28095
20231218-23,26.86,DSO-RD;,16626,28318
20231218-24,22.24,DSO-RD;,15584,28467
20240218-1,22.35,DSO-RD;,15486,28684
20240218-2,22.23,DSO-RD;,15336,28775
20240218-3,25.21,DSO-RD;,15029,28692
20240218-4,14.38,DSO-RD;,14861,28664
20240218-5,14.39,DSO-RD;,14795,28836
20240218-6,14.87,DSO-RD;,14808,28842
20240218-7,21.96,DSO-RD;,15377,28818
20240218-8,21.79,DSO-RD;,15824,28827
20240218-9,22.61,DSO-RD;,16353,28902
20240218-10,22.21,DSO-RD;,16918,28994
20240218-11,22.73,DSO-RD;,17198,28915
20240218-12,22.53,DSO-RD;,17369,28912
20240218-13,22.29,DSO-RD;,17180,28934
20240218-14,20.11,DSO-RD;,16706,28976
20240218-15,22.19,DSO-RD;,16668,28918
20240218-16,20.58,DSO-RD;,17104,28904
20240218-17,20.8,DSO-RD;,17563,28722
20240218-18,23.71,DSO-RD;,18021,28610
20240218-19,27.22,DSO-RD;,18221,28049
20240218-20,27.93,DSO-RD;,17987,27853
20240218-21,23.89,DSO-RD;,17534,27558
20240218-22,23.78,DSO-RD;,16963,27167
20240218-23,22.62,DSO-RD;,16259,27409
20240218-24,27.53,DSO-RD;,15747,27131
20240224-1,24.26,DSO-RD;,15475,27035
20240224-2,23.54,DSO-RD;,15285,26749
20240224-3,19.79,DSO-RD;,15197,26754
20240224-4,20.11,DSO-RD;,15108,26652
20240224-5,20.16,DSO-RD;,15131,26285
20240224-6,20.54,DSO-RD;,15655,26229
20240224-7,25.96,DSO-RD;,16517,26088
20240224-8,27.71,DSO-RD;,17055,25741
20240224-9,27.3,DSO-RD;,16871,25666
20240224-10,25.1,DSO-RD;,16488,25598
20240224-11,24.46,DSO-RD;,16035,25458
20240224-12,26.25,DSO-RD;,16048,25437
20240224-13,24.1,DSO-RD;,15977,25162
20240224-14,23.45,DSO-RD;,15721,25089
20240224-15,23.51,DSO-RD;,15532,25068
20240224-16,24.54,DSO-RD;,15780,24895
20240224-17,25.02,DSO-RD;,16737,24611
20240224-18,30.21,DSO-RD;,17933,24359
20240224-19,33.24,DSO-RD;,18647,24346
20240224-20,38.14,DSO-RD;,18422,24422
20240224-21,33.34,DSO-RD;,17828,24659
20240224-22,28.7,DSO-RD;,17144,25053
20240224-23,24.1,DSO-RD;,16438,25568
20240224-24,21.74,DSO-RD;,15963,26618
20240226-1,23.5,DSO-RD;,14120,26598
20240226-2,25.75,DSO-RD;,14010,26264
20240226-3,23.14,DSO-RD;,14102,25680
20240226-4,23.12,DSO-RD;,14178,25373
20240226-5,23.13,DSO-RD;,14348,25472
20240226-6,26.38,DSO-RD;,14884,25093
20240226-7,40.42,DSO-RD;,16326,25129
20240226-8,37.52,DSO-RD;,17390,24937
20240226-9,27.87,DSO-RD;,16968,25171
20240226-10,31.76,DSO-RD;,16589,25555
20240226-11,25.11,DSO-RD;,15732,25127
20240226-12,23.64,DSO-RD;,15137,25198
20240226-13,22.48,DSO-RD;,15279,25345
20240226-14,22.45,DSO-RD;,15162,25459
20240226-15,22.46,DSO-RD;,15115,25645
20240226-16,22.21,DSO-RD;,15596,25647
20240226-17,26.47,DSO-RD;,16479,25470
20240226-18,32.77,DSO-RD;,17557,26498
20240226-19,26.67,DSO-RD;,17676,26991
20240226-20,24.07,DSO-RD;,17386,27894
20240226-21,22.47,DSO-RD;,17047,28542
20240226-22,22.73,DSO-RD;,16597,28707
20240226-23,22.55,DSO-RD;,15672,28786
20240226-24,35.34,DSO-RD;,14858,28745
20231226-1,25.02,DSO-RD;,12831,27869
20231226-2,7.97,DSO-RD;,12490,27571
20231226-3,5.78,DSO-RD;,12117,27612
20231226-4,4.72,DSO-RD;,12029,27669
20231226-5,5.69,DSO-RD;,12106,27746
20231226-6,13.53,DSO-RD;,12509,27798
20231226-7,24.22,DSO-RD;,13050,27567
20231226-8,25.08,DSO-RD;,13548,27379
20231226-9,23.96,DSO-RD;,13996,27342
20231226-10,23.41,DSO-RD;,14353,27125
20231226-11,26.01,DSO-RD;,14637,26990
20231226-12,28.67,DSO-RD;,15082,26808
20231226-13,29.16,DSO-RD;,15231,26535
20231226-14,29.29,DSO-RD;,15214,26544
20231226-15,29.09,DSO-RD;,15231,26627
20231226-16,30.27,DSO-RD;,15407,26573
20231226-17,32.67,DSO-RD;,15967,26512
20231226-18,31.94,DSO-RD;,16333,26560
20231226-19,31.38,DSO-RD;,16124,26645
20231226-20,29.67,DSO-RD;,15841,26659
20231226-21,29.33,DSO-RD;,15472,26589
20231226-22,30.79,DSO-RD;,15001,26605
20231226-23,28.37,DSO-RD;,14223,26252
20231226-24,24.92,DSO-RD;,13453,26199
20231227-1,26.32,DSO-RD;,12905,26440
20231227-2,25.63,DSO-RD;,12489,25539
20231227-3,22.59,DSO-RD;,12297,25480
20231227-4,15.8,DSO-RD;,12317,25450
20231227-5,21.71,DSO-RD;,12505,25512
20231227-6,24.7,DSO-RD;,12891,25544
20231227-7,24.74,DSO-RD;,13723,25481
20231227-8,25.06,DSO-RD;,14466,25525
20231227-9,27.35,DSO-RD;,15086,25535
20231227-10,27.96,DSO-RD;,15575,25614
20231227-11,29.45,DSO-RD;,16102,25341
20231227-12,29.68,DSO-RD;,16487,25760
20231227-13,30.25,DSO-RD;,16731,25609
20231227-14,29.61,DSO-RD;,16631,25684
20231227-15,28.47,DSO-RD;,16462,25748
20231227-16,29.53,DSO-RD;,16504,25891
20231227-17,31.09,DSO-RD;,16903,25735
20231227-18,32.81,DSO-RD;,17358,25800
20231227-19,31.26,DSO-RD;,17040,25821
20231227-20,29.72,DSO-RD;,16787,25711
20231227-21,27.77,DSO-RD;,16363,25767
20231227-22,27.94,DSO-RD;,15724,25836
20231227-23,24.98,DSO-RD;,14872,25865
20231227-24,25.18,DSO-RD;,14012,25791
20240227-1,15.06,DSO-RD;,14081,28794
20240227-2,14.42,DSO-RD;,13870,28909
20240227-3,5.1,DSO-RD;,13656,28982
20240227-4,4.29,DSO-RD;,13674,29059
20240227-5,7.37,DSO-RD;,13912,29196
20240227-6,12.99,DSO-RD;,14581,29167
20240227-7,19.95,DSO-RD;,15582,29264
20240227-8,16.83,DSO-RD;,16525,28762
20240227-9,14.1,DSO-RD;,16276,28914
20240227-10,14.35,DSO-RD;,15932,29038
20240227-11,20.18,DSO-RD;,15898,28716
20240227-12,24.01,DSO-RD;,15928,28336
20240227-13,26.55,DSO-RD;,15791,28353
20240227-14,20.67,DSO-RD;,15940,27817
20240227-15,18.26,DSO-RD;,16047,27850
20240227-16,18.34,DSO-RD;,16249,27769
20240227-17,21.88,DSO-RD;,16771,27859
20240227-18,17.69,DSO-RD;,17138,27760
20240227-19,14.43,DSO-RD;,17044,28284
20240227-20,23.93,DSO-RD;,17049,28819
20240227-21,18.69,DSO-RD;,16644,29254
20240227-22,17.77,DSO-RD;,16114,29360
20240227-23,6.42,DSO-RD;,15185,29289
20240227-24,1.88,DSO-RD;,14189,29147
20240308-1,13.31,DSO-RD;,13647,26007
20240308-2,6.5,DSO-RD;,13433,26191
20240308-3,9.74,DSO-RD;,13347,26357
20240308-4,13.35,DSO-RD;,13333,26066
20240308-5,24.07,DSO-RD;,13672,25878
20240308-6,24.09,DSO-RD;,14234,25637
20240308-7,29.25,DSO-RD;,15511,24789
20240308-8,27.65,DSO-RD;,16382,24575
20240308-9,25.74,DSO-RD;,16060,24566
20240308-10,25.17,DSO-RD;,15897,24675
20240308-11,24.19,DSO-RD;,15564,24592
20240308-12,24.34,DSO-RD;,15206,24593
20240308-13,23.88,DSO-RD;,14877,24656
20240308-14,23.72,DSO-RD;,14703,24645
20240308-15,31.44,DSO-RD;,15071,24637
20240308-16,24.14,DSO-RD;,15600,24634
20240308-17,24.87,DSO-RD;,16097,24736
20240308-18,31.39,DSO-RD;,16649,24804
20240308-19,31.38,DSO-RD;,16963,25151
20240308-20,26.47,DSO-RD;,16761,25445
20240308-21,24.19,DSO-RD;,16279,25990
20240308-22,23.4,DSO-RD;,15620,26612
20240308-23,23.1,DSO-RD;,14834,26954
20240308-24,17.12,DSO-RD;,14019,27264
20240122-1,25.41,DSO-RD;,15691,29284
20240122-2,24.75,DSO-RD;,15408,29465
20240122-3,24.64,DSO-RD;,15321,29450
20240122-4,25.64,DSO-RD;,15358,29280
20240122-5,25.01,DSO-RD;,15543,29322
20240122-6,25.5,DSO-RD;,16077,29430
20240122-7,30.18,DSO-RD;,17274,29434
20240122-8,34.39,DSO-RD;,18662,28971
20240122-9,34.81,DSO-RD;,18929,29020
20240122-10,34.54,DSO-RD;,19000,28814
20240122-11,35.01,DSO-RD;,19046,28864
20240122-12,35.09,DSO-RD;,19490,28776
20240122-13,40.29,DSO-RD;,19322,28273
20240122-14,46.33,DSO-RD;,19482,28692
20240122-15,39.31,DSO-RD;,19472,28471
20240122-16,35.03,DSO-RD;,19472,28474
20240122-17,41.43,DSO-RD;,19819,27360
20240122-18,161.28,DSO-RD;,20368,27311
20240122-19,39.57,DSO-RD;,20139,27615
20240122-20,40.96,DSO-RD;,19937,26842
20240122-21,39.78,DSO-RD;,19386,26445
20240122-22,41.07,DSO-RD;,18641,25748
20240122-23,39.78,DSO-RD;,17606,26015
20240122-24,39.17,DSO-RD;,16633,26062
20240123-1,38.02,DSO-RD;,16124,25705
20240123-2,40.79,DSO-RD;,15697,25430
20240123-3,44.47,DSO-RD;,15600,25234
20240123-4,51.26,DSO-RD;,15518,24637
20240123-5,43.41,DSO-RD;,15750,24637
20240123-6,38.1,DSO-RD;,16163,24637
20240123-7,35.15,DSO-RD;,17251,24569
20240123-8,42.1,DSO-RD;,18494,23967
20240123-9,37.62,DSO-RD;,18922,23806
20240123-10,37.66,DSO-RD;,19081,23674
20240123-11,38.9,DSO-RD;,19147,23522
20240123-12,55.2,DSO-RD;,19228,23670
20240123-13,37.9,DSO-RD;,19017,23918
20240123-14,37.94,DSO-RD;,18928,23983
20240123-15,38.55,DSO-RD;,18972,24179
20240123-16,40.29,DSO-RD;,19157,24283
20240123-17,36.73,DSO-RD;,19611,24327
20240123-18,37.2,DSO-RD;,19925,24442
20240123-19,37.54,DSO-RD;,19755,24542
20240123-20,37.31,DSO-RD;,19719,25084
20240123-21,40.0,DSO-RD;,19248,25016
20240123-22,48.55,DSO-RD;,18601,25395
20240123-23,48.31,DSO-RD;,17514,25368
20240123-24,33.29,DSO-RD;,16494,25383
20240109-1,32.16,DSO-RD;,14715,27264
20240109-2,28.39,DSO-RD;,14208,27620
20240109-3,24.6,DSO-RD;,14049,27762
20240109-4,24.58,DSO-RD;,14051,27882
20240109-5,25.72,DSO-RD;,14226,27955
20240109-6,30.2,DSO-RD;,14849,28021
20240109-7,33.42,DSO-RD;,16015,27265
20240109-8,35.8,DSO-RD;,17510,27343
20240109-9,36.81,DSO-RD;,18170,27440
20240109-10,35.27,DSO-RD;,18258,27564
20240109-11,49.96,DSO-RD;,18763,27544
20240109-12,65.27,DSO-RD;,19315,27770
20240109-13,77.02,DSO-RD;,19412,28462
20240109-14,176.42,DSO-RD;,19517,28471
20240109-15,95.24,DSO-RD;,19422,28243
20240109-16,37.14,DSO-RD;,19131,28256
20240109-17,36.08,DSO-RD;,19460,28810
20240109-18,35.3,DSO-RD;,19996,29033
20240109-19,36.91,DSO-RD;,19383,29001
20240109-20,42.54,DSO-RD;,18966,28923
20240109-21,34.66,DSO-RD;,18512,28638
20240109-22,33.47,DSO-RD;,17668,28576
20240109-23,32.26,DSO-RD;,16533,28736
20240109-24,29.96,DSO-RD;,15447,28915
20240121-1,34.94,DSO-RD;,16560,28325
20240121-2,35.38,DSO-RD;,16245,28123
20240121-3,35.03,DSO-RD;,16033,27907
20240121-4,34.9,DSO-RD;,15957,28045
20240121-5,34.89,DSO-RD;,15907,27944
20240121-6,34.95,DSO-RD;,15871,27991
20240121-7,35.03,DSO-RD;,16309,28046
20240121-8,38.07,DSO-RD;,16980,27306
20240121-9,36.31,DSO-RD;,17433,27319
20240121-10,35.44,DSO-RD;,17787,27308
20240121-11,35.12,DSO-RD;,17829,27081
20240121-12,35.48,DSO-RD;,17558,26981
20240121-13,38.57,DSO-RD;,17474,26872
20240121-14,35.27,DSO-RD;,17352,26929
20240121-15,34.95,DSO-RD;,17396,27257
20240121-16,34.75,DSO-RD;,17902,27269
20240121-17,36.09,DSO-RD;,18633,27463
20240121-18,38.85,DSO-RD;,19544,27811
20240121-19,37.11,DSO-RD;,19495,28659
20240121-20,35.19,DSO-RD;,19032,29096
20240121-21,35.15,DSO-RD;,18714,28773
20240121-22,34.96,DSO-RD;,18133,29244
20240121-23,31.69,DSO-RD;,17225,29194
20240121-24,30.15,DSO-RD;,16338,29169
20240120-1,35.26,DSO-RD;,17158,27269
20240120-2,34.85,DSO-RD;,16709,27269
20240120-3,34.19,DSO-RD;,16441,27122
20240120-4,31.14,DSO-RD;,16411,27287
20240120-5,30.17,DSO-RD;,16473,27173
20240120-6,28.18,DSO-RD;,16567,27359
20240120-7,27.96,DSO-RD;,16943,27613
20240120-8,29.0,DSO-RD;,17704,27214
20240120-9,30.24,DSO-RD;,18315,27110
20240120-10,35.03,DSO-RD;,18926,27335
20240120-11,35.34,DSO-RD;,19331,27418
20240120-12,38.49,DSO-RD;,19555,27266
20240120-13,49.36,DSO-RD;,19315,26925
20240120-14,60.76,DSO-RD;,19089,27442
20240120-15,35.99,DSO-RD;,19132,27512
20240120-16,35.14,DSO-RD;,19362,27741
20240120-17,35.1,DSO-RD;,19631,27959
20240120-18,39.63,DSO-RD;,20226,28108
20240120-19,40.11,DSO-RD;,20196,28853
20240120-20,43.17,DSO-RD;,19780,28487
20240120-21,38.48,DSO-RD;,19331,28239
20240120-22,34.97,DSO-RD;,18654,28120
20240120-23,34.86,DSO-RD;,17636,28435
20240120-24,33.7,DSO-RD;,16996,28576
20240108-1,32.19,DSO-RD;,15036,26039
20240108-2,30.73,DSO-RD;,14460,25973
20240108-3,32.51,DSO-RD;,14284,26160
20240108-4,30.19,DSO-RD;,14257,26142
20240108-5,32.68,DSO-RD;,14442,26570
20240108-6,35.06,DSO-RD;,15113,26215
20240108-7,36.95,DSO-RD;,16550,26116
20240108-8,137.71,DSO-RD;,17970,25909
20240108-9,175.51,DSO-RD;,18437,25664
20240108-10,81.6,DSO-RD;,18577,25476
20240108-11,68.62,DSO-RD;,18515,25305
20240108-12,46.55,DSO-RD;,18450,25203
20240108-13,46.35,DSO-RD;,18450,25316
20240108-14,38.33,DSO-RD;,18499,25413
20240108-15,41.84,DSO-RD;,18584,25386
20240108-16,43.58,DSO-RD;,18701,25180
20240108-17,48.6,DSO-RD;,19120,25143
20240108-18,49.76,DSO-RD;,19665,25195
20240108-19,44.25,DSO-RD;,19106,25269
20240108-20,41.03,DSO-RD;,18775,25568
20240108-21,41.94,DSO-RD;,18373,25799
20240108-22,35.54,DSO-RD;,17369,25672
20240108-23,32.52,DSO-RD;,16513,26981
20240108-24,31.39,DSO-RD;,15340,26923
20240130-1,24.75,DSO-RD;,14925,28145
20240130-2,20.03,DSO-RD;,14536,28145
20240130-3,13.53,DSO-RD;,14491,28145
20240130-4,14.68,DSO-RD;,14354,28126
20240130-5,18.03,DSO-RD;,14534,28401
20240130-6,25.12,DSO-RD;,15004,28245
20240130-7,28.9,DSO-RD;,16221,27732
20240130-8,45.44,DSO-RD;,17821,27283
20240130-9,43.59,DSO-RD;,18360,27103
20240130-10,56.72,ADMIN;,18295,27022
20240130-11,49.05,DSO-RD;,18412,27147
20240130-12,40.07,DSO-RD;,18617,26900
20240130-13,44.85,DSO-RD;,18735,26836
20240130-14,48.29,DSO-RD;,18795,26721
20240130-15,66.65,DSO-RD;,18715,26524
20240130-16,49.23,DSO-RD;,18935,26306
20240130-17,46.32,DSO-RD;,19051,26279
20240130-18,42.58,DSO-RD;,19401,25926
20240130-19,37.53,DSO-RD;,19327,26465
20240130-20,39.17,DSO-RD;,18778,26367
20240130-21,40.44,DSO-RD;,18542,26445
20240130-22,41.96,DSO-RD;,18017,26404
20240130-23,32.69,DSO-RD;,16913,26340
20240130-24,33.28,DSO-RD;,15996,26302
20240124-1,31.07,DSO-RD;,15759,24516
20240124-2,28.27,DSO-RD;,15515,24810
20240124-3,33.9,DSO-RD;,15219,24496
20240124-4,32.84,DSO-RD;,15235,24386
20240124-5,37.76,DSO-RD;,15443,24246
20240124-6,37.24,DSO-RD;,15772,24162
20240124-7,39.85,DSO-RD;,16864,24096
20240124-8,75.65,DSO-RD;,18210,23271
20240124-9,45.63,DSO-RD;,18714,23137
20240124-10,40.03,DSO-RD;,18807,23144
20240124-11,45.61,DSO-RD;,18955,23287
20240124-12,47.88,DSO-RD;,19079,23454
20240124-13,55.64,DSO-RD;,19182,23402
20240124-14,104.72,DSO-RD;,19195,23279
20240124-15,41.62,DSO-RD;,19137,23332
20240124-16,39.16,DSO-RD;,19265,23369
20240124-17,40.45,DSO-RD;,19588,23293
20240124-18,37.69,DSO-RD;,20006,23684
20240124-19,39.08,DSO-RD;,19472,24323
20240124-20,42.14,DSO-RD;,19085,24323
20240124-21,40.45,DSO-RD;,18877,24254
20240124-22,36.07,DSO-RD;,18248,24062
20240124-23,34.84,DSO-RD;,17124,24045
20240124-24,30.92,DSO-RD;,16080,24045
20240118-1,33.06,DSO-RD;,16543,28832
20240118-2,32.4,DSO-RD;,16312,28536
20240118-3,28.43,DSO-RD;,16092,28509
20240118-4,32.42,DSO-RD;,16032,28437
20240118-5,34.33,DSO-RD;,16242,28231
20240118-6,36.79,DSO-RD;,16985,27963
20240118-7,59.11,DSO-RD;,18337,27340
20240118-8,66.11,DSO-RD;,19617,26580
20240118-9,61.15,DSO-RD;,19890,26561
20240118-10,46.3,DSO-RD;,19796,26512
20240118-11,49.94,DSO-RD;,19860,26550
20240118-12,73.27,DSO-RD;,19584,25925
20240118-13,50.11,DSO-RD;,19760,26527
20240118-14,66.31,ADMIN;,19554,26477
20240118-15,54.33,DSO-RD;,19214,26313
20240118-16,67.2,DSO-RD;,19301,26162
20240118-17,48.17,DSO-RD;,19880,26078
20240118-18,53.15,DSO-RD;,20440,25940
20240118-19,44.21,DSO-RD;,20306,25882
20240118-20,42.51,DSO-RD;,20122,25888
20240118-21,48.38,DSO-RD;,19761,25878
20240118-22,50.47,DSO-RD;,19080,25554
20240118-23,40.39,DSO-RD;,17850,25449
20240118-24,36.51,DSO-RD;,16959,26197
20240119-1,35.02,DSO-RD;,16312,26304
20240119-2,43.03,DSO-RD;,15893,26402
20240119-3,36.83,DSO-RD;,15734,26476
20240119-4,38.95,DSO-RD;,15751,26614
20240119-5,39.77,DSO-RD;,16033,26686
20240119-6,36.24,DSO-RD;,16544,26729
20240119-7,41.22,DSO-RD;,17865,26737
20240119-8,51.69,DSO-RD;,19325,26964
20240119-9,37.95,DSO-RD;,19669,26970
20240119-10,36.24,DSO-RD;,19660,27007
20240119-11,36.22,DSO-RD;,19677,27025
20240119-12,32.85,DSO-RD;,19701,26926
20240119-13,30.69,DSO-RD;,19402,26413
20240119-14,34.45,DSO-RD;,19693,27007
20240119-15,34.75,DSO-RD;,19682,26668
20240119-16,32.96,DSO-RD;,19457,26601
20240119-17,34.97,DSO-RD;,19912,26856
20240119-18,36.17,DSO-RD;,20626,26845
20240119-19,36.55,DSO-RD;,20505,27062
20240119-20,44.27,DSO-RD;,20399,27059
20240119-21,50.14,DSO-RD;,20295,26626
20240119-22,40.74,DSO-RD;,19373,26479
20240119-23,39.44,DSO-RD;,18479,26620
20240119-24,39.36,DSO-RD;,17700,26748
20240125-1,28.61,DSO-RD;,15339,24315
20240125-2,31.22,DSO-RD;,14921,24295
20240125-3,27.33,DSO-RD;,14819,24315
20240125-4,27.25,DSO-RD;,14693,24433
20240125-5,27.22,DSO-RD;,14884,24425
20240125-6,27.02,DSO-RD;,15349,24425
20240125-7,31.59,DSO-RD;,16438,24420
20240125-8,36.23,DSO-RD;,17680,23882
20240125-9,33.16,DSO-RD;,18201,23808
20240125-10,33.71,DSO-RD;,18307,23974
20240125-11,37.54,DSO-RD;,18316,23971
20240125-12,33.15,DSO-RD;,18358,23979
20240125-13,33.93,DSO-RD;,18247,23927
20240125-14,32.43,ADMIN;,18157,23816
20240125-15,32.75,ADMIN;,18093,23941
20240125-16,38.56,DSO-RD;,18286,23937
20240125-17,33.28,DSO-RD;,18671,24045
20240125-18,31.02,DSO-RD;,19021,24119
20240125-19,34.44,DSO-RD;,18790,24915
20240125-20,33.31,DSO-RD;,18424,25115
20240125-21,29.58,DSO-RD;,17962,25445
20240125-22,29.25,DSO-RD;,17289,25742
20240125-23,28.69,DSO-RD;,16335,26018
20240125-24,28.66,DSO-RD;,15392,25999
20240131-1,34.0,DSO-RD;,15378,26096
20240131-2,36.58,DSO-RD;,14782,26021
20240131-3,33.26,DSO-RD;,14700,26009
20240131-4,32.17,DSO-RD;,14603,26013
20240131-5,31.72,DSO-RD;,14763,26018
20240131-6,31.35,DSO-RD;,15188,26026
20240131-7,34.1,DSO-RD;,16456,26066
20240131-8,43.13,DSO-RD;,17718,25510
20240131-9,37.79,DSO-RD;,18065,25789
20240131-10,37.35,DSO-RD;,17959,25857
20240131-11,53.72,DSO-RD;,18018,26002
20240131-12,41.74,DSO-RD;,18029,25988
20240131-13,38.54,DSO-RD;,17883,26047
20240131-14,37.45,DSO-RD;,17788,26338
20240131-15,33.88,DSO-RD;,17795,26664
20240131-16,31.51,DSO-RD;,17954,26866
20240131-17,31.68,DSO-RD;,18506,27072
20240131-18,33.42,DSO-RD;,18914,27441
20240131-19,31.18,DSO-RD;,18598,28349
20240131-20,29.43,DSO-RD;,18098,28729
20240131-21,28.11,DSO-RD;,17672,29210
20240131-22,27.53,DSO-RD;,17007,29465
20240131-23,26.62,DSO-RD;,16212,29454
20240131-24,18.04,DSO-RD;,15246,29454
20240127-1,27.72,DSO-RD;,14751,25439
20240127-2,28.14,DSO-RD;,14327,24920
20240127-3,28.41,DSO-RD;,14018,25381
20240127-4,28.05,DSO-RD;,13950,25352
20240127-5,27.83,DSO-RD;,14005,25369
20240127-6,29.35,DSO-RD;,14283,25371
20240127-7,28.18,DSO-RD;,14858,25425
20240127-8,31.74,DSO-RD;,15661,24736
20240127-9,32.75,DSO-RD;,16451,24814
20240127-10,35.41,DSO-RD;,16890,24768
20240127-11,32.62,DSO-RD;,17160,24820
20240127-12,34.35,DSO-RD;,17448,24818
20240127-13,34.09,DSO-RD;,17328,24840
20240127-14,42.83,DSO-RD;,17438,24815
20240127-15,33.95,DSO-RD;,17389,24811
20240127-16,33.69,DSO-RD;,17470,24781
20240127-17,32.2,DSO-RD;,17596,24842
20240127-18,32.24,DSO-RD;,17825,24858
20240127-19,31.96,DSO-RD;,17595,25617
20240127-20,30.59,DSO-RD;,17176,25773
20240127-21,32.54,DSO-RD;,16696,25905
20240127-22,30.15,DSO-RD;,16197,26901
20240127-23,31.54,DSO-RD;,15428,26936
20240127-24,28.74,DSO-RD;,14830,26978
20240126-1,29.69,DSO-RD;,14887,27339
20240126-2,12.21,DSO-RD;,14573,28366
20240126-3,0.98,DSO-RD;,14302,28405
20240126-4,9.38,DSO-RD;,14443,29146
20240126-5,27.23,DSO-RD;,14815,28909
20240126-6,29.93,DSO-RD;,15360,28604
20240126-7,30.17,DSO-RD;,16621,28439
20240126-8,33.54,DSO-RD;,17689,27215
20240126-9,33.82,DSO-RD;,18300,26088
20240126-10,33.33,DSO-RD;,18457,26531
20240126-11,33.2,DSO-RD;,18605,26868
20240126-12,33.93,DSO-RD;,18560,26911
20240126-13,33.63,DSO-RD;,18197,26409
20240126-14,38.0,DSO-RD;,18269,26402
20240126-15,36.52,DSO-RD;,18197,25993
20240126-16,34.0,DSO-RD;,18202,26053
20240126-17,37.49,DSO-RD;,18539,26109
20240126-18,37.55,DSO-RD;,18870,26180
20240126-19,33.53,DSO-RD;,18609,26699
20240126-20,41.75,DSO-RD;,18305,26613
20240126-21,37.26,DSO-RD;,18015,26617
20240126-22,34.54,DSO-RD;,17488,26432
20240126-23,31.82,DSO-RD;,16454,26398
20240126-24,29.42,DSO-RD;,15447,26444
20240301-1,37.43,DSO-RD;,16091,25604
20240301-2,32.78,DSO-RD;,15675,25433
20240301-3,28.23,DSO-RD;,15466,25424
20240301-4,28.23,DSO-RD;,15410,25487
20240301-5,28.39,DSO-RD;,15618,25594
20240301-6,25.59,DSO-RD;,16037,26177
20240301-7,31.29,DSO-RD;,17108,26358
20240301-8,29.04,DSO-RD;,17829,26096
20240301-9,52.07,DSO-RD;,17894,26406
20240301-10,33.51,DSO-RD;,17262,26411
20240301-11,27.66,DSO-RD;,16090,26198
20240301-12,24.32,DSO-RD;,15882,26320
20240301-13,27.7,DSO-RD;,15755,26578
20240301-14,24.3,DSO-RD;,15629,26557
20240301-15,23.4,DSO-RD;,15374,26547
20240301-16,25.29,DSO-RD;,15932,26590
20240301-17,27.92,DSO-RD;,16720,26367
20240301-18,44.09,DSO-RD;,17414,26004
20240301-19,57.01,DSO-RD;,17773,25792
20240301-20,29.84,DSO-RD;,17413,26095
20240301-21,27.97,DSO-RD;,16965,26303
20240301-22,34.95,DSO-RD;,16719,26481
20240301-23,28.06,DSO-RD;,15920,26828
20240301-24,29.41,DSO-RD;,15020,26701
20240103-1,28.82,DSO-RD;,14780,28218
20240103-2,35.84,DSO-RD;,14444,27873
20240103-3,29.39,DSO-RD;,14189,27256
20240103-4,32.34,DSO-RD;,14184,27060
20240103-5,31.42,DSO-RD;,14401,26865
20240103-6,32.32,DSO-RD;,14909,26676
20240103-7,32.43,DSO-RD;,15851,26685
20240103-8,36.65,DSO-RD;,17068,26607
20240103-9,38.88,DSO-RD;,17643,26603
20240103-10,40.45,DSO-RD;,18022,26787
20240103-11,41.09,DSO-RD;,18192,26762
20240103-12,50.03,DSO-RD;,18354,26303
20240103-13,40.44,DSO-RD;,18257,26756
20240103-14,38.37,DSO-RD;,18207,26894
20240103-15,40.06,DSO-RD;,18255,26922
20240103-16,40.13,DSO-RD;,18476,26857
20240103-17,54.49,DSO-RD;,18928,26741
20240103-18,53.42,DSO-RD;,19452,26736
20240103-19,38.49,DSO-RD;,19015,26994
20240103-20,37.71,DSO-RD;,18843,26943
20240103-21,32.66,DSO-RD;,18418,27251
20240103-22,34.25,DSO-RD;,17725,27282
20240103-23,32.39,DSO-RD;,16766,27731
20240103-24,31.58,DSO-RD;,15698,27908
20240117-1,41.16,DSO-RD;,16747,27890
20240117-2,37.47,DSO-RD;,16383,28570
20240117-3,37.28,DSO-RD;,16307,28473
20240117-4,36.84,DSO-RD;,16371,28553
20240117-5,36.61,DSO-RD;,16525,28813
20240117-6,37.17,DSO-RD;,16940,28841
20240117-7,40.63,DSO-RD;,18227,28841
20240117-8,54.01,DSO-RD;,19674,28920
20240117-9,54.06,DSO-RD;,20034,29018
20240117-10,47.13,DSO-RD;,19818,28893
20240117-11,40.87,DSO-RD;,19728,29105
20240117-12,37.34,DSO-RD;,19550,29351
20240117-13,38.58,DSO-RD;,19105,29258
20240117-14,37.15,DSO-RD;,18988,29934
20240117-15,37.09,DSO-RD;,18969,29994
20240117-16,37.28,DSO-RD;,19078,29234
20240117-17,40.53,DSO-RD;,19503,29137
20240117-18,38.71,DSO-RD;,20318,29569
20240117-19,40.82,DSO-RD;,20348,29507
20240117-20,41.83,DSO-RD;,20144,29607
20240117-21,41.44,DSO-RD;,19856,28777
20240117-22,40.88,DSO-RD;,19286,29199
20240117-23,38.26,DSO-RD;,18200,29228
20240117-24,36.94,DSO-RD;,17106,29232
20240116-1,72.39,DSO-RD;,16692,26510
20240116-2,71.25,DSO-RD;,16124,25777
20240116-3,70.29,DSO-RD;,15954,26298
20240116-4,70.32,DSO-RD;,16028,26346
20240116-5,70.45,DSO-RD;,16253,26298
20240116-6,82.41,DSO-RD;,16893,26464
20240116-7,104.16,DSO-RD;,18189,26095
20240116-8,116.91,DSO-RD;,19611,26124
20240116-9,118.1,DSO-RD;,20016,26387
20240116-10,108.3,DSO-RD;,19965,26602
20240116-11,108.51,DSO-RD;,20010,26971
20240116-12,106.87,DSO-RD;,19864,27074
20240116-13,93.99,DSO-RD;,19450,27546
20240116-14,86.44,DSO-RD;,19051,27704
20240116-15,85.11,DSO-RD;,18927,28104
20240116-16,80.91,DSO-RD;,19010,28119
20240116-17,88.32,DSO-RD;,19826,28303
20240116-18,93.49,DSO-RD;,20695,28163
20240116-19,101.35,DSO-RD;,20714,27794
20240116-20,95.45,DSO-RD;,20372,28119
20240116-21,80.86,DSO-RD;,20019,28237
20240116-22,77.14,DSO-RD;,19281,28348
20240116-23,68.85,DSO-RD;,18177,28160
20240116-24,64.22,DSO-RD;,17248,28377
20240102-1,27.21,DSO-RD;,14124,27128
20240102-2,27.17,DSO-RD;,13796,27251
20240102-3,20.93,DSO-RD;,13617,27532
20240102-4,22.48,DSO-RD;,13500,27688
20240102-5,19.81,DSO-RD;,13714,27829
20240102-6,26.54,DSO-RD;,14196,28223
20240102-7,27.18,DSO-RD;,15381,28217
20240102-8,29.61,DSO-RD;,16411,28281
20240102-9,30.21,DSO-RD;,16839,28367
20240102-10,29.88,DSO-RD;,17215,28663
20240102-11,29.36,DSO-RD;,17519,28936
20240102-12,30.88,DSO-RD;,17606,29576
20240102-13,29.69,DSO-RD;,17648,29749
20240102-14,29.92,DSO-RD;,17644,30066
20240102-15,30.87,DSO-RD;,17684,30001
20240102-16,30.35,DSO-RD;,17964,29728
20240102-17,30.28,DSO-RD;,18402,29829
20240102-18,32.9,DSO-RD;,19035,29831
20240102-19,31.83,DSO-RD;,18688,29713
20240102-20,32.39,DSO-RD;,18384,29221
20240102-21,33.2,DSO-RD;,18027,29537
20240102-22,33.75,DSO-RD;,17361,28761
20240102-23,29.65,DSO-RD;,16334,29092
20240102-24,29.69,DSO-RD;,15456,28981
20240302-1,27.77,DSO-RD;,14316,26262
20240302-2,28.67,DSO-RD;,14002,26223
20240302-3,29.37,DSO-RD;,13837,25880
20240302-4,67.22,DSO-RD;,13867,25700
20240302-5,32.66,DSO-RD;,13774,25428
20240302-6,27.31,DSO-RD;,13942,25095
20240302-7,27.49,DSO-RD;,14518,24967
20240302-8,26.9,DSO-RD;,15215,24899
20240302-9,28.63,DSO-RD;,15798,24372
20240302-10,34.23,DSO-RD;,16402,24077
20240302-11,105.7,DSO-RD;,16776,23780
20240302-12,133.17,DSO-RD;,16832,23365
20240302-13,132.17,DSO-RD;,16641,23369
20240302-14,33.06,DSO-RD;,16325,23919
20240302-15,27.31,DSO-RD;,15914,23887
20240302-16,25.16,DSO-RD;,16192,23824
20240302-17,34.28,DSO-RD;,16701,23180
20240302-18,67.76,DSO-RD;,17031,23637
20240302-19,31.28,DSO-RD;,17193,23788
20240302-20,28.55,DSO-RD;,16746,23717
20240302-21,28.33,DSO-RD;,16265,24113
20240302-22,29.21,DSO-RD;,15892,24094
20240302-23,28.38,DSO-RD;,15098,24103
20240302-24,24.05,DSO-RD;,14300,24620
20240128-1,28.8,DSO-RD;,14780,26774
20240128-2,26.7,DSO-RD;,13971,27097
20240128-3,22.86,DSO-RD;,13695,27462
20240128-4,23.28,DSO-RD;,13529,27829
20240128-5,17.15,DSO-RD;,13527,27996
20240128-6,17.21,DSO-RD;,13718,28099
20240128-7,15.08,DSO-RD;,14281,28457
20240128-8,22.05,DSO-RD;,14979,27885
20240128-9,23.69,DSO-RD;,15577,27713
20240128-10,27.98,DSO-RD;,16031,27814
20240128-11,27.8,DSO-RD;,16509,27743
20240128-12,29.7,DSO-RD;,17042,27853
20240128-13,29.34,DSO-RD;,17277,27711
20240128-14,31.63,DSO-RD;,17145,27697
20240128-15,32.36,DSO-RD;,17113,27759
20240128-16,32.06,DSO-RD;,17357,27689
20240128-17,32.53,DSO-RD;,17683,27740
20240128-18,32.62,DSO-RD;,18336,27803
20240128-19,32.56,DSO-RD;,18303,28384
20240128-20,32.54,DSO-RD;,17974,28552
20240128-21,32.32,DSO-RD;,17490,28359
20240128-22,27.94,DSO-RD;,16886,28180
20240128-23,28.65,DSO-RD;,16062,27597
20240128-24,30.58,DSO-RD;,15478,27669
20240114-1,13.64,DSO-RD;,15229,29404
20240114-2,14.33,DSO-RD;,14863,29408
20240114-3,14.34,DSO-RD;,14631,29367
20240114-4,20.04,DSO-RD;,14475,29388
20240114-5,71.15,DSO-RD;,14604,29374
20240114-6,14.35,DSO-RD;,14845,29308
20240114-7,16.24,DSO-RD;,15300,29022
20240114-8,30.05,DSO-RD;,15844,29121
20240114-9,76.56,DSO-RD;,16446,29131
20240114-10,70.17,DSO-RD;,16947,28880
20240114-11,14.71,DSO-RD;,17156,29370
20240114-12,69.65,DSO-RD;,17303,29399
20240114-13,17.04,DSO-RD;,17388,29670
20240114-14,69.63,DSO-RD;,17522,29657
20240114-15,38.64,DSO-RD;,17597,29752
20240114-16,17.61,DSO-RD;,18039,29795
20240114-17,48.68,DSO-RD;,18759,29814
20240114-18,91.6,DSO-RD;,19676,29615
20240114-19,88.43,DSO-RD;,19594,29025
20240114-20,80.62,DSO-RD;,19122,29756
20240114-21,77.74,DSO-RD;,18796,29437
20240114-22,73.68,DSO-RD;,18276,29408
20240114-23,73.34,DSO-RD;,17444,29398
20240114-24,68.57,DSO-RD;,16678,29159
20240101-1,46.42,DSO-RD;,14482,25881
20240101-2,35.85,DSO-RD;,14180,26358
20240101-3,27.73,DSO-RD;,13722,26580
20240101-4,19.34,DSO-RD;,13637,26566
20240101-5,20.23,DSO-RD;,13697,26756
20240101-6,27.23,DSO-RD;,13787,26378
20240101-7,27.21,DSO-RD;,14055,26474
20240101-8,27.52,DSO-RD;,14481,26324
20240101-9,27.22,DSO-RD;,14708,26290
20240101-10,30.94,DSO-RD;,14890,26159
20240101-11,30.93,DSO-RD;,15240,26101
20240101-12,31.73,DSO-RD;,15564,26202
20240101-13,30.58,DSO-RD;,15920,26621
20240101-14,31.81,DSO-RD;,16072,26538
20240101-15,33.23,DSO-RD;,16339,26567
20240101-16,30.14,DSO-RD;,16538,26154
20240101-17,31.86,DSO-RD;,17147,26339
20240101-18,34.02,DSO-RD;,17805,26426
20240101-19,34.14,DSO-RD;,17525,26509
20240101-20,32.15,DSO-RD;,17261,26641
20240101-21,31.55,DSO-RD;,16822,26442
20240101-22,31.09,DSO-RD;,16303,26790
20240101-23,30.74,DSO-RD;,15410,26293
20240101-24,27.98,DSO-RD;,14694,26953
20240115-1,60.97,DSO-RD;,15838,28495
20240115-2,58.1,DSO-RD;,15599,29054
20240115-3,79.7,DSO-RD;,15437,28894
20240115-4,90.64,DSO-RD;,15609,28328
20240115-5,70.98,DSO-RD;,15884,28663
20240115-6,37.25,DSO-RD;,16518,28484
20240115-7,99.04,DSO-RD;,17882,27306
20240115-8,104.09,DSO-RD;,19438,26834
20240115-9,104.73,DSO-RD;,19933,26686
20240115-10,101.94,DSO-RD;,19620,26724
20240115-11,96.36,DSO-RD;,19252,26815
20240115-12,91.62,DSO-RD;,18883,26807
20240115-13,98.5,DSO-RD;,18755,26570
20240115-14,67.54,DSO-RD;,18747,26794
20240115-15,99.52,DSO-RD;,18897,26766
20240115-16,104.12,DSO-RD;,19288,27239
20240115-17,105.66,ADMIN;,20040,27106
20240115-18,123.52,DSO-RD;,20880,27978
20240115-19,127.48,DSO-RD;,20603,27735
20240115-20,113.13,DSO-RD;,20174,27666
20240115-21,106.09,DSO-RD;,19837,27666
20240115-22,84.03,DSO-RD;,19145,28121
20240115-23,73.67,DSO-RD;,18159,27765
20240115-24,76.28,DSO-RD;,17236,27298
20240129-1,27.07,DSO-RD;,14886,27005
20240129-2,27.2,DSO-RD;,14398,27554
20240129-3,23.31,DSO-RD;,14206,27652
20240129-4,23.85,ADMIN;,14254,27570
20240129-5,24.83,DSO-RD;,14497,27561
20240129-6,27.79,DSO-RD;,14980,27430
20240129-7,32.28,DSO-RD;,16407,27348
20240129-8,45.77,DSO-RD;,18137,26578
20240129-9,39.24,DSO-RD;,18469,26482
20240129-10,38.12,DSO-RD;,18393,26422
20240129-11,37.9,DSO-RD;,18313,26204
20240129-12,55.05,DSO-RD;,18045,25736
20240129-13,46.18,DSO-RD;,17808,25655
20240129-14,38.51,DSO-RD;,17474,25610
20240129-15,37.75,DSO-RD;,17335,25576
20240129-16,32.2,DSO-RD;,17355,25677
20240129-17,31.46,DSO-RD;,17860,25784
20240129-18,41.02,DSO-RD;,18857,25937
20240129-19,36.1,DSO-RD;,18978,26633
20240129-20,39.34,DSO-RD;,18633,26690
20240129-21,40.61,DSO-RD;,18256,27036
20240129-22,34.34,DSO-RD;,17605,27200
20240129-23,28.42,DSO-RD;,16571,27552
20240129-24,27.92,DSO-RD;,15676,27859
20240303-1,28.89,DSO-RD;,13697,24557
20240303-2,22.95,DSO-RD;,13384,24588
20240303-3,22.87,DSO-RD;,12966,24554
20240303-4,22.96,DSO-RD;,12936,24566
20240303-5,22.79,DSO-RD;,12950,24651
20240303-6,22.82,DSO-RD;,13330,24270
20240303-7,25.12,DSO-RD;,13918,24297
20240303-8,24.09,DSO-RD;,14436,24353
20240303-9,27.92,DSO-RD;,14876,23937
20240303-10,32.62,DSO-RD;,15472,24130
20240303-11,65.59,DSO-RD;,15929,23679
20240303-12,31.68,DSO-RD;,15747,23675
20240303-13,24.25,DSO-RD;,15279,24764
20240303-14,22.78,DSO-RD;,15210,25077
20240303-15,22.8,DSO-RD;,15295,25302
20240303-16,20.87,DSO-RD;,15483,25358
20240303-17,22.88,DSO-RD;,15952,25190
20240303-18,24.86,DSO-RD;,16600,25722
20240303-19,23.95,DSO-RD;,16937,26550
20240303-20,22.79,DSO-RD;,16597,26642
20240303-21,25.73,DSO-RD;,16329,27077
20240303-22,23.19,DSO-RD;,15859,27474
20240303-23,19.74,DSO-RD;,14878,27767
20240303-24,6.39,DSO-RD;,14093,27822
20240307-1,6.02,DSO-RD;,13853,25892
20240307-2,8.16,DSO-RD;,13730,26041
20240307-3,34.67,DSO-RD;,13623,25758
20240307-4,26.99,DSO-RD;,13648,25548
20240307-5,24.87,DSO-RD;,13821,25364
20240307-6,25.71,DSO-RD;,14255,25269
20240307-7,32.84,DSO-RD;,15398,25259
20240307-8,36.63,DSO-RD;,16494,25154
20240307-9,69.44,DSO-RD;,16255,25088
20240307-10,26.38,DSO-RD;,15418,25113
20240307-11,25.71,DSO-RD;,14838,25212
20240307-12,25.12,DSO-RD;,14558,25119
20240307-13,28.71,DSO-RD;,14481,25219
20240307-14,24.89,DSO-RD;,14457,24996
20240307-15,24.88,DSO-RD;,14423,25090
20240307-16,24.46,DSO-RD;,14560,25034
20240307-17,25.61,DSO-RD;,15488,24867
20240307-18,31.34,DSO-RD;,16307,24710
20240307-19,33.95,DSO-RD;,16877,25042
20240307-20,29.76,DSO-RD;,17054,25229
20240307-21,30.54,DSO-RD;,16882,25013
20240307-22,28.54,DSO-RD;,16286,25067
20240307-23,25.51,DSO-RD;,15313,25103
20240307-24,24.41,DSO-RD;,14441,25748
20240111-1,48.01,DSO-RD;,15320,26366
20240111-2,47.31,DSO-RD;,14905,26020
20240111-3,32.26,DSO-RD;,14635,25982
20240111-4,42.52,DSO-RD;,14641,26057
20240111-5,36.54,DSO-RD;,14852,26038
20240111-6,51.72,DSO-RD;,15404,25461
20240111-7,58.25,DSO-RD;,16679,25570
20240111-8,58.56,DSO-RD;,18278,25533
20240111-9,48.49,DSO-RD;,18714,25564
20240111-10,96.71,DSO-RD;,18822,26083
20240111-11,138.18,DSO-RD;,18845,25831
20240111-12,95.3,DSO-RD;,18948,26181
20240111-13,46.34,DSO-RD;,18870,26228
20240111-14,38.85,DSO-RD;,18532,26212
20240111-15,38.55,DSO-RD;,18494,26440
20240111-16,39.99,DSO-RD;,18567,26502
20240111-17,45.06,DSO-RD;,18935,26465
20240111-18,55.73,DSO-RD;,19547,26495
20240111-19,50.47,DSO-RD;,19252,26388
20240111-20,43.74,DSO-RD;,18983,26009
20240111-21,45.77,DSO-RD;,18611,25603
20240111-22,44.88,DSO-RD;,18005,25916
20240111-23,46.91,DSO-RD;,16971,26035
20240111-24,44.99,DSO-RD;,16166,25717
20240105-1,40.43,DSO-RD;,16002,26489
20240105-2,41.48,DSO-RD;,15638,26512
20240105-3,45.82,DSO-RD;,15335,26554
20240105-4,44.85,DSO-RD;,15223,26544
20240105-5,39.7,DSO-RD;,15387,26670
20240105-6,39.49,DSO-RD;,15768,26822
20240105-7,42.55,DSO-RD;,16789,26699
20240105-8,50.4,DSO-RD;,17717,26787
20240105-9,48.91,DSO-RD;,18250,26795
20240105-10,48.48,DSO-RD;,18473,26620
20240105-11,50.58,DSO-RD;,18635,27041
20240105-12,62.36,DSO-RD;,18775,27351
20240105-13,58.28,DSO-RD;,18780,27379
20240105-14,63.86,DSO-RD;,18830,27401
20240105-15,62.14,DSO-RD;,18835,27124
20240105-16,42.01,DSO-RD;,18847,26944
20240105-17,46.61,DSO-RD;,19122,26241
20240105-18,42.79,DSO-RD;,19536,26100
20240105-19,40.37,DSO-RD;,19079,26167
20240105-20,44.6,DSO-RD;,18802,26142
20240105-21,75.84,DSO-RD;,18617,25801
20240105-22,59.13,DSO-RD;,18012,25659
20240105-23,51.75,DSO-RD;,17178,25458
20240105-24,38.74,DSO-RD;,16220,25341
20240104-1,30.35,DSO-RD;,14981,27962
20240104-2,32.03,DSO-RD;,14838,28251
20240104-3,30.46,DSO-RD;,14576,28096
20240104-4,30.44,DSO-RD;,14579,28255
20240104-5,31.39,DSO-RD;,14825,28105
20240104-6,32.71,DSO-RD;,15275,27927
20240104-7,33.12,DSO-RD;,16375,28083
20240104-8,36.78,DSO-RD;,17597,27966
20240104-9,41.08,DSO-RD;,18143,27775
20240104-10,38.85,DSO-RD;,18286,27407
20240104-11,64.69,DSO-RD;,18076,27025
20240104-12,37.33,DSO-RD;,17753,26749
20240104-13,40.25,DSO-RD;,17465,26579
20240104-14,35.53,DSO-RD;,17312,26619
20240104-15,38.44,DSO-RD;,17580,26554
20240104-16,38.17,DSO-RD;,18241,26416
20240104-17,50.99,DSO-RD;,19035,26350
20240104-18,62.47,DSO-RD;,19981,26364
20240104-19,49.13,DSO-RD;,19718,26311
20240104-20,48.48,DSO-RD;,19498,26115
20240104-21,43.98,DSO-RD;,19186,26224
20240104-22,40.95,DSO-RD;,18603,26331
20240104-23,40.24,DSO-RD;,17574,26524
20240104-24,39.79,DSO-RD;,16736,26607
20240110-1,26.67,DSO-RD;,14709,27943
20240110-2,14.5,DSO-RD;,14208,27918
20240110-3,14.35,DSO-RD;,13965,28085
20240110-4,14.64,DSO-RD;,13892,28122
20240110-5,27.81,DSO-RD;,14069,27969
20240110-6,34.22,DSO-RD;,14599,28262
20240110-7,36.95,DSO-RD;,15811,28208
20240110-8,38.12,DSO-RD;,17254,28309
20240110-9,39.93,DSO-RD;,17807,28357
20240110-10,36.98,DSO-RD;,17763,28342
20240110-11,40.75,DSO-RD;,17729,28173
20240110-12,38.26,DSO-RD;,17967,28052
20240110-13,36.81,DSO-RD;,17898,28105
20240110-14,36.78,DSO-RD;,18096,28099
20240110-15,36.74,DSO-RD;,18118,28910
20240110-16,38.09,DSO-RD;,18233,28944
20240110-17,84.42,DSO-RD;,18825,28789
20240110-18,230.48,DSO-RD;,19538,28598
20240110-19,106.26,DSO-RD;,19180,28302
20240110-20,48.17,DSO-RD;,18887,28004
20240110-21,47.74,DSO-RD;,18516,27604
20240110-22,48.06,DSO-RD;,17972,27562
20240110-23,50.88,DSO-RD;,16995,27409
20240110-24,41.75,DSO-RD;,15934,26832
20240306-1,28.94,DSO-RD;,13797,24800
20240306-2,26.49,DSO-RD;,13587,24589
20240306-3,25.99,DSO-RD;,13282,24589
20240306-4,20.69,DSO-RD;,13265,24589
20240306-5,19.47,DSO-RD;,13204,24561
20240306-6,16.63,DSO-RD;,13700,24607
20240306-7,24.89,DSO-RD;,14907,24811
20240306-8,28.93,DSO-RD;,16138,24743
20240306-9,29.44,DSO-RD;,16671,24808
20240306-10,32.29,DSO-RD;,16762,24654
20240306-11,30.23,DSO-RD;,16799,24716
20240306-12,34.5,DSO-RD;,16786,24695
20240306-13,27.0,DSO-RD;,16597,24671
20240306-14,23.52,DSO-RD;,16416,25015
20240306-15,22.91,DSO-RD;,16304,25613
20240306-16,22.86,DSO-RD;,16405,26012
20240306-17,23.02,DSO-RD;,16811,26183
20240306-18,25.17,DSO-RD;,17136,26443
20240306-19,25.57,DSO-RD;,17421,26358
20240306-20,25.11,DSO-RD;,17255,26377
20240306-21,24.77,DSO-RD;,16900,26412
20240306-22,25.77,DSO-RD;,16327,26383
20240306-23,24.35,DSO-RD;,15289,26193
20240306-24,20.2,DSO-RD;,14543,26104
20240304-1,4.66,DSO-RD;,13548,27619
20240304-2,10.69,DSO-RD;,13390,27636
20240304-3,14.38,DSO-RD;,13377,27342
20240304-4,14.37,DSO-RD;,13192,27186
20240304-5,11.6,DSO-RD;,13354,26865
20240304-6,18.4,DSO-RD;,13986,27102
20240304-7,22.46,DSO-RD;,15274,27054
20240304-8,25.01,DSO-RD;,16433,27100
20240304-9,25.76,DSO-RD;,16668,26541
20240304-10,24.08,DSO-RD;,16306,26496
20240304-11,24.65,DSO-RD;,15706,25921
20240304-12,23.87,DSO-RD;,14796,25194
20240304-13,22.67,DSO-RD;,14446,25795
20240304-14,22.26,DSO-RD;,14445,25897
20240304-15,19.58,DSO-RD;,14468,25977
20240304-16,20.56,DSO-RD;,14818,26042
20240304-17,22.85,DSO-RD;,15765,26135
20240304-18,24.42,DSO-RD;,16418,25961
20240304-19,23.63,DSO-RD;,16833,26208
20240304-20,24.13,DSO-RD;,16569,27201
20240304-21,22.85,DSO-RD;,16279,27159
20240304-22,22.45,DSO-RD;,15542,27430
20240304-23,22.41,DSO-RD;,14616,27722
20240304-24,17.55,DSO-RD;,13815,27688
20240106-1,36.01,DSO-RD;,15542,25339
20240106-2,39.06,DSO-RD;,15073,25249
20240106-3,39.03,DSO-RD;,14709,25290
20240106-4,39.16,DSO-RD;,14625,25444
20240106-5,34.6,DSO-RD;,14546,25488
20240106-6,34.98,DSO-RD;,14898,25736
20240106-7,34.83,DSO-RD;,15388,25919
20240106-8,34.31,DSO-RD;,15970,25893
20240106-9,35.13,DSO-RD;,16495,26446
20240106-10,37.12,DSO-RD;,17058,26849
20240106-11,38.85,DSO-RD;,17497,26809
20240106-12,39.34,DSO-RD;,18055,26972
20240106-13,39.43,DSO-RD;,18364,26947
20240106-14,46.14,DSO-RD;,18031,26851
20240106-15,46.28,DSO-RD;,17980,26543
20240106-16,50.39,DSO-RD;,18121,26448
20240106-17,172.21,DSO-RD;,18561,26045
20240106-18,38.02,DSO-RD;,19074,25739
20240106-19,37.37,DSO-RD;,18752,25735
20240106-20,38.16,DSO-RD;,18547,25735
20240106-21,40.39,DSO-RD;,18122,26097
20240106-22,45.23,DSO-RD;,17701,26036
20240106-23,46.52,DSO-RD;,16995,25672
20240106-24,37.49,DSO-RD;,16190,25449
20240112-1,38.23,DSO-RD;,15533,25450
20240112-2,40.86,DSO-RD;,15144,25287
20240112-3,38.52,DSO-RD;,14928,25223
20240112-4,38.24,DSO-RD;,14916,25248
20240112-5,35.43,DSO-RD;,15167,25340
20240112-6,35.09,DSO-RD;,15545,25655
20240112-7,34.83,DSO-RD;,16563,25876
20240112-8,37.93,DSO-RD;,18045,26167
20240112-9,35.51,DSO-RD;,18511,26190
20240112-10,35.06,DSO-RD;,18262,26633
20240112-11,35.05,DSO-RD;,18390,27101
20240112-12,35.05,DSO-RD;,18516,28439
20240112-13,35.07,DSO-RD;,18430,28527
20240112-14,35.08,DSO-RD;,18345,28741
20240112-15,35.06,DSO-RD;,18459,28928
20240112-16,38.94,DSO-RD;,18552,29039
20240112-17,40.98,DSO-RD;,19119,29223
20240112-18,42.31,DSO-RD;,19530,29285
20240112-19,36.72,DSO-RD;,19148,29452
20240112-20,35.42,DSO-RD;,18953,29523
20240112-21,41.27,DSO-RD;,18868,28955
20240112-22,34.61,DSO-RD;,18203,29487
20240112-23,31.89,DSO-RD;,16999,29505
20240112-24,17.81,DSO-RD;,16003,29427
20240113-1,20.08,DSO-RD;,15341,29432
20240113-2,17.45,DSO-RD;,14726,29261
20240113-3,15.85,DSO-RD;,14298,29205
20240113-4,14.67,DSO-RD;,14311,29125
20240113-5,19.02,DSO-RD;,14378,29030
20240113-6,13.87,DSO-RD;,14608,29131
20240113-7,17.3,DSO-RD;,15245,29426
20240113-8,23.33,DSO-RD;,15700,29111
20240113-9,14.35,DSO-RD;,16279,29184
20240113-10,13.88,DSO-RD;,16878,29306
20240113-11,13.69,DSO-RD;,17463,28888
20240113-12,25.03,DSO-RD;,17910,28953
20240113-13,115.45,DSO-RD;,18054,29467
20240113-14,11.43,DSO-RD;,18028,29477
20240113-15,50.91,DSO-RD;,17973,29456
20240113-16,6.02,DSO-RD;,18078,29436
20240113-17,27.7,DSO-RD;,18413,29505
20240113-18,29.52,DSO-RD;,18991,29503
20240113-19,22.97,DSO-RD;,18822,29518
20240113-20,25.68,DSO-RD;,18254,29518
20240113-21,12.08,DSO-RD;,17884,29650
20240113-22,45.17,DSO-RD;,17379,29020
20240113-23,13.09,DSO-RD;,16481,29573
20240113-24,22.39,DSO-RD;,15697,29463
20240107-1,39.04,DSO-RD;,15516,25342
20240107-2,42.12,DSO-RD;,15098,25241
20240107-3,39.31,DSO-RD;,14948,25166
20240107-4,39.31,DSO-RD;,14862,25206
20240107-5,35.97,DSO-RD;,14967,25286
20240107-6,37.19,DSO-RD;,15118,25325
20240107-7,35.87,DSO-RD;,15424,25367
20240107-8,38.41,DSO-RD;,16013,25367
20240107-9,38.72,DSO-RD;,16603,25337
20240107-10,41.3,DSO-RD;,17152,25302
20240107-11,44.35,DSO-RD;,17625,25284
20240107-12,46.45,DSO-RD;,17921,25291
20240107-13,45.73,DSO-RD;,18094,25295
20240107-14,44.89,DSO-RD;,18021,25342
20240107-15,47.53,DSO-RD;,17860,25431
20240107-16,43.66,DSO-RD;,17942,25471
20240107-17,40.28,DSO-RD;,18512,25536
20240107-18,41.44,DSO-RD;,19192,25784
20240107-19,41.68,DSO-RD;,18900,25872
20240107-20,45.39,DSO-RD;,18454,26171
20240107-21,40.07,DSO-RD;,18018,26411
20240107-22,40.88,DSO-RD;,17312,26420
20240107-23,34.38,DSO-RD;,16296,26068
20240107-24,36.87,DSO-RD;,15521,26086
20240305-1,0.0,DSO-RD;,13195,27706
20240305-2,0.0,DSO-RD;,12866,27730
20240305-3,0.0,DSO-RD;,12848,27696
20240305-4,0.0,DSO-RD;,12721,27684
20240305-5,0.0,DSO-RD;,12892,27615
20240305-6,2.73,DSO-RD;,13526,27398
20240305-7,24.93,DSO-RD;,14754,27260
20240305-8,26.97,DSO-RD;,15622,27110
20240305-9,27.11,DSO-RD;,15654,26818
20240305-10,27.3,DSO-RD;,15236,26384
20240305-11,29.11,DSO-RD;,15327,25680
20240305-12,29.4,DSO-RD;,15587,25347
20240305-13,37.74,DSO-RD;,15617,25044
20240305-14,31.77,DSO-RD;,15781,24803
20240305-15,23.53,DSO-RD;,15777,24550
20240305-16,21.16,DSO-RD;,15993,24994
20240305-17,27.57,DSO-RD;,16543,25307
20240305-18,37.98,DSO-RD;,17165,25050
20240305-19,31.27,DSO-RD;,17140,25010
20240305-20,28.78,DSO-RD;,16756,25271
20240305-21,26.1,DSO-RD;,16328,25525
20240305-22,26.86,DSO-RD;,16003,25550
20240305-23,25.91,DSO-RD;,15185,25283
20240305-24,24.69,DSO-RD;,14260,25073
20240216-1,24.57,DSO-RD;,15618,28377
20240216-2,22.76,DSO-RD;,15176,28365
20240216-3,32.71,DSO-RD;,15027,28362
20240216-4,26.55,DSO-RD;,14958,28146
20240216-5,24.82,DSO-RD;,15347,27654
20240216-6,21.01,DSO-RD;,15849,27538
20240216-7,23.51,DSO-RD;,16982,26810
20240216-8,25.79,DSO-RD;,18105,26460
20240216-9,35.28,DSO-RD;,18699,26396
20240216-10,28.96,DSO-RD;,18712,26294
20240216-11,28.76,DSO-RD;,18445,26414
20240216-12,28.47,DSO-RD;,18401,26239
20240216-13,28.89,DSO-RD;,18457,26482
20240216-14,32.24,DSO-RD;,18385,26190
20240216-15,31.56,DSO-RD;,18482,26109
20240216-16,32.85,DSO-RD;,18491,25764
20240216-17,33.81,DSO-RD;,18994,25764
20240216-18,46.24,DSO-RD;,19385,25556
20240216-19,40.29,DSO-RD;,19703,25903
20240216-20,44.17,DSO-RD;,19344,25878
20240216-21,51.02,DSO-RD;,18996,25733
20240216-22,29.61,DSO-RD;,18254,25262
20240216-23,32.56,DSO-RD;,17239,25074
20240216-24,27.73,DSO-RD;,16424,25172
20240202-1,28.02,DSO-RD;,14979,26362
20240202-2,26.85,DSO-RD;,14402,26853
20240202-3,21.93,DSO-RD;,14093,27359
20240202-4,14.35,DSO-RD;,14035,27567
20240202-5,14.64,DSO-RD;,14248,27759
20240202-6,19.42,DSO-RD;,14794,27926
20240202-7,27.96,DSO-RD;,16172,27797
20240202-8,31.53,DSO-RD;,17394,27178
20240202-9,31.56,DSO-RD;,17847,27071
20240202-10,31.52,DSO-RD;,17916,27081
20240202-11,31.15,DSO-RD;,17681,26502
20240202-12,33.34,DSO-RD;,17460,26020
20240202-13,31.81,DSO-RD;,17098,26142
20240202-14,32.45,DSO-RD;,17041,25909
20240202-15,31.66,DSO-RD;,17118,25765
20240202-16,31.53,DSO-RD;,17335,26028
20240202-17,32.55,DSO-RD;,17863,25945
20240202-18,51.04,DSO-RD;,18452,25999
20240202-19,37.35,DSO-RD;,18869,26570
20240202-20,35.76,DSO-RD;,18247,26495
20240202-21,34.7,DSO-RD;,17983,26418
20240202-22,31.79,DSO-RD;,17468,26276
20240202-23,31.34,DSO-RD;,16606,26254
20240202-24,36.45,DSO-RD;,15851,26311
20231216-1,33.86,DSO-RD;,14445,23966
20231216-2,28.59,DSO-RD;,14011,23735
20231216-3,31.54,DSO-RD;,13639,23622
20231216-4,22.3,DSO-RD;,13418,23707
20231216-5,27.77,DSO-RD;,13430,23748
20231216-6,27.69,DSO-RD;,13826,23775
20231216-7,26.98,DSO-RD;,14434,23872
20231216-8,26.96,DSO-RD;,15151,24098
20231216-9,26.48,DSO-RD;,15429,24388
20231216-10,24.38,DSO-RD;,15673,24905
20231216-11,26.95,DSO-RD;,15869,25252
20231216-12,26.96,DSO-RD;,15960,25258
20231216-13,27.8,DSO-RD;,15960,25324
20231216-14,26.61,DSO-RD;,16075,25383
20231216-15,28.4,DSO-RD;,16429,25509
20231216-16,25.78,DSO-RD;,16735,25472
20231216-17,27.12,DSO-RD;,17234,25732
20231216-18,27.1,DSO-RD;,17588,26752
20231216-19,28.0,DSO-RD;,17098,27199
20231216-20,27.6,DSO-RD;,16765,27399
20231216-21,27.05,DSO-RD;,16490,27309
20231216-22,26.95,DSO-RD;,15973,27525
20231216-23,22.19,DSO-RD;,15249,27830
20231216-24,12.23,DSO-RD;,14516,27933
20231217-1,11.1,DSO-RD;,14125,28101
20231217-2,7.37,DSO-RD;,13550,28167
20231217-3,0.81,DSO-RD;,13259,28215
20231217-4,4.57,DSO-RD;,13115,28314
20231217-5,4.95,DSO-RD;,13108,28244
20231217-6,5.23,DSO-RD;,13221,28195
20231217-7,12.5,DSO-RD;,13798,28166
20231217-8,10.77,DSO-RD;,14359,28141
20231217-9,11.59,DSO-RD;,14923,27918
20231217-10,13.33,DSO-RD;,15699,28016
20231217-11,26.33,DSO-RD;,16193,28053
20231217-12,30.49,DSO-RD;,16531,28140
20231217-13,46.5,DSO-RD;,16935,28000
20231217-14,29.47,DSO-RD;,16864,27826
20231217-15,26.92,DSO-RD;,16790,27746
20231217-16,24.73,DSO-RD;,16904,27867
20231217-17,27.77,DSO-RD;,17509,27757
20231217-18,31.71,DSO-RD;,18259,27398
20231217-19,32.04,DSO-RD;,17958,26947
20231217-20,30.79,DSO-RD;,17415,26616
20231217-21,27.91,DSO-RD;,16833,26481
20231217-22,27.5,DSO-RD;,16050,26470
20231217-23,27.76,DSO-RD;,15156,26297
20231217-24,34.32,DSO-RD;,14512,26303
20240203-1,34.18,DSO-RD;,15287,26243
20240203-2,32.98,DSO-RD;,14920,26160
20240203-3,36.01,DSO-RD;,14637,26148
20240203-4,36.92,DSO-RD;,14537,26129
20240203-5,35.64,DSO-RD;,14644,26114
20240203-6,31.28,DSO-RD;,15055,26086
20240203-7,32.02,DSO-RD;,15684,25990
20240203-8,34.2,DSO-RD;,16440,25414
20240203-9,31.73,DSO-RD;,16661,25432
20240203-10,31.44,DSO-RD;,16613,25461
20240203-11,31.46,DSO-RD;,16483,25494
20240203-12,31.35,DSO-RD;,16192,25558
20240203-13,31.62,DSO-RD;,16143,25673
20240203-14,28.17,DSO-RD;,15897,25690
20240203-15,28.86,DSO-RD;,15817,25709
20240203-16,30.09,DSO-RD;,16097,25649
20240203-17,31.38,DSO-RD;,16757,25533
20240203-18,36.41,DSO-RD;,17637,25518
20240203-19,38.52,DSO-RD;,18257,26084
20240203-20,46.53,DSO-RD;,17561,26132
20240203-21,36.41,DSO-RD;,17141,26194
20240203-22,32.94,DSO-RD;,16627,26203
20240203-23,31.37,DSO-RD;,15926,26153
20240203-24,31.53,DSO-RD;,15215,26130
20240217-1,26.9,DSO-RD;,15959,25108
20240217-2,25.71,DSO-RD;,15439,25141
20240217-3,23.99,DSO-RD;,15031,25294
20240217-4,22.33,DSO-RD;,14767,25712
20240217-5,24.61,DSO-RD;,15017,25994
20240217-6,27.25,DSO-RD;,15581,25779
20240217-7,26.19,DSO-RD;,16334,25540
20240217-8,23.41,DSO-RD;,16824,25213
20240217-9,23.53,DSO-RD;,17176,25989
20240217-10,23.44,DSO-RD;,17202,26132
20240217-11,23.66,DSO-RD;,16962,26580
20240217-12,26.61,DSO-RD;,16919,26766
20240217-13,23.74,DSO-RD;,16771,26952
20240217-14,22.35,DSO-RD;,16583,27267
20240217-15,22.39,DSO-RD;,16600,27489
20240217-16,22.41,DSO-RD;,16986,27544
20240217-17,24.2,DSO-RD;,17624,27303
20240217-18,25.21,DSO-RD;,18498,27314
20240217-19,29.76,DSO-RD;,18925,27377
20240217-20,24.27,DSO-RD;,18375,27536
20240217-21,22.65,DSO-RD;,18074,28143
20240217-22,22.19,DSO-RD;,17585,28200
20240217-23,24.39,DSO-RD;,16807,28601
20240217-24,22.4,DSO-RD;,16079,28695
20240229-1,34.78,DSO-RD;,15689,27719
20240229-2,30.89,DSO-RD;,15475,27719
20240229-3,30.39,DSO-RD;,15326,27523
20240229-4,23.41,DSO-RD;,15318,27033
20240229-5,23.33,DSO-RD;,15563,27327
20240229-6,24.05,DSO-RD;,16124,27131
20240229-7,27.33,DSO-RD;,17466,27041
20240229-8,38.42,DSO-RD;,18498,27646
20240229-9,32.85,DSO-RD;,18310,27831
20240229-10,40.35,DSO-RD;,17730,27600
20240229-11,32.77,DSO-RD;,17591,27523
20240229-12,31.88,DSO-RD;,17424,27274
20240229-13,28.07,DSO-RD;,17357,27108
20240229-14,23.36,DSO-RD;,17059,27137
20240229-15,20.47,DSO-RD;,17066,27334
20240229-16,22.38,DSO-RD;,17371,27239
20240229-17,27.13,DSO-RD;,18431,26945
20240229-18,40.81,DSO-RD;,19264,26601
20240229-19,49.84,DSO-RD;,19612,26287
20240229-20,54.0,DSO-RD;,19583,25606
20240229-21,46.21,DSO-RD;,19108,25580
20240229-22,34.61,DSO-RD;,18445,25882
20240229-23,43.1,DSO-RD;,17625,26781
20240229-24,36.64,DSO-RD;,16694,25949
20240201-1,12.73,DSO-RD;,14571,28954
20240201-2,13.34,DSO-RD;,14378,29456
20240201-3,34.25,DSO-RD;,14302,29146
20240201-4,29.72,DSO-RD;,14200,28816
20240201-5,26.7,DSO-RD;,14244,28614
20240201-6,26.38,DSO-RD;,14791,28448
20240201-7,26.73,DSO-RD;,15966,28454
20240201-8,30.91,DSO-RD;,17206,27974
20240201-9,30.5,DSO-RD;,17709,27811
20240201-10,31.68,DSO-RD;,17800,27933
20240201-11,31.82,DSO-RD;,17887,27844
20240201-12,30.72,DSO-RD;,17866,27625
20240201-13,31.97,DSO-RD;,17785,27425
20240201-14,33.15,DSO-RD;,17875,26755
20240201-15,37.54,DSO-RD;,17869,26181
20240201-16,40.32,DSO-RD;,18115,25874
20240201-17,34.46,DSO-RD;,18524,25883
20240201-18,31.27,DSO-RD;,18867,25580
20240201-19,32.23,DSO-RD;,18674,26315
20240201-20,31.73,DSO-RD;,18177,26217
20240201-21,33.61,DSO-RD;,18216,26414
20240201-22,32.93,DSO-RD;,17224,26565
20240201-23,28.05,DSO-RD;,16065,26666
20240201-24,27.19,DSO-RD;,15248,26754
20240215-1,23.95,DSO-RD;,15445,25805
20240215-2,23.42,DSO-RD;,15148,26331
20240215-3,23.34,DSO-RD;,15059,26179
20240215-4,23.78,DSO-RD;,15062,26455
20240215-5,23.84,DSO-RD;,15370,26566
20240215-6,24.0,DSO-RD;,15798,26513
20240215-7,24.21,DSO-RD;,16816,26844
20240215-8,24.08,DSO-RD;,17847,27147
20240215-9,24.54,DSO-RD;,17928,27638
20240215-10,27.27,DSO-RD;,17945,27994
20240215-11,28.39,DSO-RD;,18425,28282
20240215-12,32.57,DSO-RD;,18702,28223
20240215-13,32.89,DSO-RD;,18881,28154
20240215-14,51.36,DSO-RD;,19166,28130
20240215-15,34.34,DSO-RD;,19127,27784
20240215-16,27.48,DSO-RD;,18879,27581
20240215-17,26.91,DSO-RD;,18908,27800
20240215-18,30.97,DSO-RD;,19256,28115
20240215-19,28.25,DSO-RD;,19076,28207
20240215-20,26.65,DSO-RD;,18840,28346
20240215-21,25.77,DSO-RD;,18624,28409
20240215-22,24.84,DSO-RD;,17986,28563
20240215-23,25.82,DSO-RD;,17260,28527
20240215-24,22.9,DSO-RD;,16278,28457
20231215-1,21.77,DSO-RD;,14765,27380
20231215-2,18.56,DSO-RD;,14347,27286
20231215-3,20.51,DSO-RD;,14164,26993
20231215-4,15.53,DSO-RD;,13949,26866
20231215-5,14.35,DSO-RD;,14149,26782
20231215-6,19.96,DSO-RD;,14805,26920
20231215-7,27.79,DSO-RD;,15848,26816
20231215-8,30.63,DSO-RD;,17132,26703
20231215-9,30.98,DSO-RD;,17474,26521
20231215-10,30.66,DSO-RD;,16924,26222
20231215-11,27.3,DSO-RD;,16328,25796
20231215-12,26.92,DSO-RD;,15990,25299
20231215-13,26.01,DSO-RD;,15421,25305
20231215-14,25.86,DSO-RD;,15442,25289
20231215-15,25.24,DSO-RD;,15602,24881
20231215-16,27.06,DSO-RD;,16459,25090
20231215-17,29.47,DSO-RD;,17519,24933
20231215-18,30.51,DSO-RD;,17965,24852
20231215-19,28.06,DSO-RD;,17618,24848
20231215-20,30.82,DSO-RD;,17411,24848
20231215-21,30.84,DSO-RD;,17149,24628
20231215-22,31.32,DSO-RD;,16690,25089
20231215-23,31.47,DSO-RD;,15845,24860
20231215-24,30.44,DSO-RD;,14968,24458
20231229-1,24.54,DSO-RD;,13902,26501
20231229-2,26.43,DSO-RD;,13435,26363
20231229-3,23.3,DSO-RD;,13130,25991
20231229-4,24.38,DSO-RD;,12895,25599
20231229-5,22.89,DSO-RD;,13001,25699
20231229-6,25.22,DSO-RD;,13332,25743
20231229-7,25.92,DSO-RD;,13988,25731
20231229-8,26.59,DSO-RD;,14609,25810
20231229-9,27.39,DSO-RD;,15273,25902
20231229-10,26.77,DSO-RD;,15688,25956
20231229-11,27.51,DSO-RD;,16002,25920
20231229-12,27.99,DSO-RD;,16171,25967
20231229-13,27.64,DSO-RD;,16204,25942
20231229-14,27.57,DSO-RD;,16188,25952
20231229-15,26.48,DSO-RD;,16249,26031
20231229-16,26.46,DSO-RD;,16353,26146
20231229-17,29.99,DSO-RD;,16908,26330
20231229-18,34.93,DSO-RD;,17472,26311
20231229-19,29.1,DSO-RD;,16996,26474
20231229-20,25.99,DSO-RD;,16459,26054
20231229-21,26.08,DSO-RD;,16295,26076
20231229-22,25.76,DSO-RD;,15963,26519
20231229-23,26.63,DSO-RD;,15383,26318
20231229-24,34.43,DSO-RD;,14765,26695
20231228-1,26.92,DSO-RD;,13359,26143
20231228-2,25.12,DSO-RD;,13007,26069
20231228-3,27.44,DSO-RD;,12947,26083
20231228-4,29.39,DSO-RD;,12879,26147
20231228-5,24.8,DSO-RD;,12921,25997
20231228-6,26.34,DSO-RD;,13255,25926
20231228-7,25.82,DSO-RD;,13895,25817
20231228-8,27.34,DSO-RD;,14646,25761
20231228-9,28.94,DSO-RD;,15214,25479
20231228-10,30.58,DSO-RD;,15616,25507
20231228-11,30.44,DSO-RD;,15951,25665
20231228-12,30.74,DSO-RD;,16253,25749
20231228-13,30.95,DSO-RD;,16310,25742
20231228-14,30.8,DSO-RD;,16275,25661
20231228-15,30.74,DSO-RD;,16295,25654
20231228-16,30.74,DSO-RD;,16390,25621
20231228-17,29.92,DSO-RD;,16795,25727
20231228-18,30.83,DSO-RD;,17247,25878
20231228-19,30.61,DSO-RD;,16933,25938
20231228-20,27.37,DSO-RD;,16594,25419
20231228-21,28.53,DSO-RD;,16349,26022
20231228-22,29.96,DSO-RD;,15832,25615
20231228-23,27.03,DSO-RD;,15063,24839
20231228-24,25.89,DSO-RD;,14312,26422
20231214-1,27.8,DSO-RD;,15541,24300
20231214-2,35.0,DSO-RD;,15157,24594
20231214-3,27.01,DSO-RD;,14868,24567
20231214-4,27.69,DSO-RD;,14699,24692
20231214-5,26.59,DSO-RD;,14888,24692
20231214-6,30.16,DSO-RD;,15375,24986
20231214-7,30.93,DSO-RD;,16599,25108
20231214-8,33.37,DSO-RD;,17860,24899
20231214-9,34.6,DSO-RD;,18215,24898
20231214-10,31.6,DSO-RD;,17924,25093
20231214-11,31.03,DSO-RD;,17741,25341
20231214-12,31.47,DSO-RD;,17652,25565
20231214-13,30.83,DSO-RD;,17436,26039
20231214-14,26.35,DSO-RD;,17222,26242
20231214-15,24.95,DSO-RD;,16935,26412
20231214-16,25.89,DSO-RD;,17309,26522
20231214-17,29.74,DSO-RD;,18073,26662
20231214-18,29.27,DSO-RD;,18686,26855
20231214-19,28.98,DSO-RD;,18470,26948
20231214-20,28.29,DSO-RD;,18299,26948
20231214-21,30.2,DSO-RD;,18037,27550
20231214-22,27.13,DSO-RD;,17377,27566
20231214-23,26.32,DSO-RD;,16321,27469
20231214-24,22.66,DSO-RD;,15491,27493
20240214-1,30.75,DSO-RD;,15782,26250
20240214-2,33.2,DSO-RD;,15402,26201
20240214-3,27.16,DSO-RD;,15270,25975
20240214-4,26.02,DSO-RD;,15327,25879
20240214-5,26.58,DSO-RD;,15509,25731
20240214-6,27.88,DSO-RD;,16070,25678
20240214-7,39.28,DSO-RD;,17562,25211
20240214-8,62.84,DSO-RD;,18775,25117
20240214-9,45.27,DSO-RD;,18475,24821
20240214-10,32.08,DSO-RD;,18110,24760
20240214-11,28.39,DSO-RD;,17253,24796
20240214-12,25.96,DSO-RD;,16585,24959
20240214-13,24.95,DSO-RD;,16742,24756
20240214-14,23.74,DSO-RD;,16697,24890
20240214-15,23.44,DSO-RD;,16661,25033
20240214-16,25.13,DSO-RD;,17128,25136
20240214-17,31.15,DSO-RD;,18013,25536
20240214-18,39.12,DSO-RD;,19049,25282
20240214-19,43.53,DSO-RD;,19343,25230
20240214-20,46.74,DSO-RD;,19185,25184
20240214-21,37.44,DSO-RD;,18885,25403
20240214-22,30.96,DSO-RD;,18300,25377
20240214-23,30.75,DSO-RD;,17149,25507
20240214-24,23.67,DSO-RD;,16199,25804
20240228-1,0.49,DSO-RD;,13612,29052
20240228-2,0.47,DSO-RD;,13199,29131
20240228-3,0.0,DSO-RD;,13101,29002
20240228-4,10.96,DSO-RD;,13243,28955
20240228-5,13.0,DSO-RD;,13297,28768
20240228-6,13.69,DSO-RD;,13868,28569
20240228-7,24.57,DSO-RD;,14912,28810
20240228-8,13.66,DSO-RD;,16005,28858
20240228-9,14.33,DSO-RD;,16322,28974
20240228-10,14.35,DSO-RD;,16414,29045
20240228-11,22.14,DSO-RD;,16408,29130
20240228-12,28.47,DSO-RD;,16694,28618
20240228-13,56.82,DSO-RD;,16828,28212
20240228-14,30.09,DSO-RD;,16981,28115
20240228-15,26.13,DSO-RD;,17040,28223
20240228-16,23.63,DSO-RD;,17496,28524
20240228-17,27.21,DSO-RD;,18143,28780
20240228-18,46.27,DSO-RD;,18565,28993
20240228-19,45.85,DSO-RD;,18807,28975
20240228-20,36.41,DSO-RD;,18829,28844
20240228-21,40.2,DSO-RD;,18395,28795
20240228-22,30.08,DSO-RD;,17877,28795
20240228-23,26.06,DSO-RD;,16972,28307
20240228-24,22.82,DSO-RD;,16035,28011
20240204-1,31.07,DSO-RD;,14757,25709
20240204-2,36.13,DSO-RD;,14493,26097
20240204-3,37.23,DSO-RD;,14193,26089
20240204-4,37.48,DSO-RD;,14366,26069
20240204-5,38.7,DSO-RD;,14546,26064
20240204-6,36.24,DSO-RD;,14705,26072
20240204-7,36.64,DSO-RD;,15164,26165
20240204-8,33.08,DSO-RD;,15633,25516
20240204-9,31.44,DSO-RD;,16036,25616
20240204-10,31.44,DSO-RD;,16224,25720
20240204-11,31.08,DSO-RD;,15877,25725
20240204-12,27.11,DSO-RD;,15562,25736
20240204-13,26.74,DSO-RD;,15218,25738
20240204-14,25.8,DSO-RD;,15016,25751
20240204-15,26.49,DSO-RD;,14921,25787
20240204-16,24.09,DSO-RD;,15451,25750
20240204-17,30.07,DSO-RD;,16494,25724
20240204-18,31.48,DSO-RD;,17809,25716
20240204-19,35.88,DSO-RD;,18154,25867
20240204-20,34.07,DSO-RD;,18027,26513
20240204-21,31.63,DSO-RD;,17649,26475
20240204-22,31.5,DSO-RD;,17018,25752
20240204-23,32.6,DSO-RD;,15931,25700
20240204-24,31.34,DSO-RD;,15158,25745
20240210-1,3.7,DSO-RD;,13502,27208
20240210-2,0.0,DSO-RD;,13037,27537
20240210-3,0.0,DSO-RD;,12854,27639
20240210-4,1.69,DSO-RD;,12893,27408
20240210-5,18.88,DSO-RD;,13046,27347
20240210-6,25.05,DSO-RD;,13499,27379
20240210-7,23.06,DSO-RD;,14062,27112
20240210-8,23.25,DSO-RD;,14604,26961
20240210-9,29.43,DSO-RD;,15230,26652
20240210-10,24.67,DSO-RD;,15287,26199
20240210-11,17.34,DSO-RD;,14864,26706
20240210-12,27.19,DSO-RD;,14668,27014
20240210-13,24.88,DSO-RD;,14758,26296
20240210-14,24.93,DSO-RD;,14753,27317
20240210-15,15.7,DSO-RD;,14789,27228
20240210-16,24.39,DSO-RD;,15587,26994
20240210-17,23.59,DSO-RD;,16334,26753
20240210-18,70.22,DSO-RD;,17216,27145
20240210-19,25.82,DSO-RD;,17264,27283
20240210-20,24.22,DSO-RD;,16508,27283
20240210-21,24.92,DSO-RD;,16134,27283
20240210-22,28.42,DSO-RD;,15725,27283
20240210-23,24.37,DSO-RD;,15151,27479
20240210-24,24.32,DSO-RD;,14447,27296
20231210-1,14.34,DSO-RD;,13485,25818
20231210-2,17.45,DSO-RD;,13076,26306
20231210-3,14.36,DSO-RD;,13042,25773
20231210-4,14.31,DSO-RD;,12652,25836
20231210-5,14.37,DSO-RD;,13022,25675
20231210-6,4.88,DSO-RD;,13199,25675
20231210-7,1.73,DSO-RD;,13589,25773
20231210-8,12.27,DSO-RD;,14200,25874
20231210-9,21.54,DSO-RD;,14854,25883
20231210-10,28.21,DSO-RD;,15399,26320
20231210-11,28.24,DSO-RD;,16012,26075
20231210-12,28.41,DSO-RD;,16476,25923
20231210-13,41.5,DSO-RD;,16764,25814
20231210-14,73.32,DSO-RD;,16841,25367
20231210-15,41.18,DSO-RD;,17069,25138
20231210-16,32.14,DSO-RD;,17226,24870
20231210-17,32.22,DSO-RD;,17704,24786
20231210-18,33.07,DSO-RD;,18232,24696
20231210-19,39.23,DSO-RD;,17871,24854
20231210-20,38.47,DSO-RD;,17485,24863
20231210-21,35.13,DSO-RD;,17148,24855
20231210-22,33.74,DSO-RD;,16593,25064
20231210-23,28.72,DSO-RD;,15464,25150
20231210-24,29.62,DSO-RD;,14551,25241
20231211-1,28.2,DSO-RD;,14063,25016
20231211-2,28.81,DSO-RD;,13840,25642
20231211-3,26.71,DSO-RD;,13747,25685
20231211-4,26.18,DSO-RD;,13650,25596
20231211-5,22.65,DSO-RD;,13836,26009
20231211-6,22.91,DSO-RD;,14422,26196
20231211-7,29.11,DSO-RD;,15654,26555
20231211-8,33.5,DSO-RD;,17247,25775
20231211-9,37.77,DSO-RD;,17888,25608
20231211-10,35.73,DSO-RD;,18000,25550
20231211-11,34.42,DSO-RD;,17907,25461
20231211-12,33.25,DSO-RD;,17780,25364
20231211-13,33.3,DSO-RD;,17815,25525
20231211-14,33.73,DSO-RD;,17889,25533
20231211-15,34.43,DSO-RD;,18100,25626
20231211-16,34.4,DSO-RD;,18473,25606
20231211-17,36.5,DSO-RD;,19274,25494
20231211-18,41.86,DSO-RD;,19888,25182
20231211-19,45.07,DSO-RD;,19465,25007
20231211-20,37.31,DSO-RD;,19074,24936
20231211-21,35.94,DSO-RD;,18574,25089
20231211-22,33.3,DSO-RD;,17872,25415
20231211-23,31.96,DSO-RD;,16906,25791
20231211-24,29.53,DSO-RD;,15806,26007
20240211-1,26.76,DSO-RD;,13884,27522
20240211-2,22.62,DSO-RD;,13535,27415
20240211-3,16.56,DSO-RD;,13492,27193
20240211-4,17.09,DSO-RD;,13440,26916
20240211-5,14.33,DSO-RD;,13481,26830
20240211-6,14.36,DSO-RD;,13617,26690
20240211-7,22.67,DSO-RD;,14093,26264
20240211-8,49.41,DSO-RD;,14804,25701
20240211-9,53.43,DSO-RD;,15391,25478
20240211-10,161.3,DSO-RD;,15966,25708
20240211-11,41.21,DSO-RD;,16349,25607
20240211-12,32.4,DSO-RD;,16698,25588
20240211-13,29.63,DSO-RD;,16915,25622
20240211-14,30.67,DSO-RD;,16957,25603
20240211-15,25.92,DSO-RD;,16784,25775
20240211-16,34.69,DSO-RD;,16962,25747
20240211-17,31.18,DSO-RD;,17420,25830
20240211-18,33.45,DSO-RD;,18038,25802
20240211-19,30.32,DSO-RD;,18114,25796
20240211-20,32.05,DSO-RD;,17579,25621
20240211-21,29.3,DSO-RD;,17057,25530
20240211-22,27.91,DSO-RD;,16458,25544
20240211-23,24.51,DSO-RD;,15632,25740
20240211-24,27.61,DSO-RD;,15187,25784
20240205-1,29.32,DSO-RD;,14644,25540
20240205-2,29.97,DSO-RD;,14320,25523
20240205-3,26.53,DSO-RD;,14205,25523
20240205-4,26.52,DSO-RD;,14121,25443
20240205-5,28.36,DSO-RD;,14329,25384
20240205-6,31.41,DSO-RD;,15041,25431
20240205-7,31.7,DSO-RD;,16568,25746
20240205-8,47.64,DSO-RD;,17945,25808
20240205-9,35.87,DSO-RD;,18088,25862
20240205-10,37.04,DSO-RD;,18052,25777
20240205-11,35.26,DSO-RD;,17966,25800
20240205-12,31.66,DSO-RD;,17832,25855
20240205-13,31.93,DSO-RD;,17611,25347
20240205-14,31.52,DSO-RD;,17522,25774
20240205-15,31.45,DSO-RD;,17216,25795
20240205-16,30.61,DSO-RD;,17306,25800
20240205-17,32.19,DSO-RD;,17941,25753
20240205-18,35.76,DSO-RD;,18810,25723
20240205-19,33.67,DSO-RD;,19030,25546
20240205-20,33.68,DSO-RD;,18758,25333
20240205-21,37.28,DSO-RD;,18416,25353
20240205-22,46.95,DSO-RD;,17826,24917
20240205-23,59.96,DSO-RD;,16888,24424
20240205-24,35.53,DSO-RD;,16038,25110
20240213-1,25.26,DSO-RD;,15285,24918
20240213-2,29.58,DSO-RD;,14915,24920
20240213-3,27.37,DSO-RD;,14709,24921
20240213-4,24.92,DSO-RD;,14637,25113
20240213-5,23.97,DSO-RD;,14683,25322
20240213-6,23.83,DSO-RD;,15137,25587
20240213-7,27.97,DSO-RD;,16381,26145
20240213-8,36.39,DSO-RD;,18104,26161
20240213-9,30.26,DSO-RD;,17806,25808
20240213-10,28.08,DSO-RD;,17659,26029
20240213-11,28.59,DSO-RD;,17436,26377
20240213-12,28.85,DSO-RD;,17330,26755
20240213-13,28.82,DSO-RD;,17078,26709
20240213-14,26.07,DSO-RD;,17295,26929
20240213-15,26.14,DSO-RD;,17428,27200
20240213-16,25.65,DSO-RD;,17993,27128
20240213-17,26.32,DSO-RD;,18420,27520
20240213-18,37.36,DSO-RD;,19020,27065
20240213-19,41.17,DSO-RD;,19130,27135
20240213-20,36.12,DSO-RD;,19090,27011
20240213-21,35.56,DSO-RD;,18788,26820
20240213-22,29.25,DSO-RD;,18196,26734
20240213-23,28.43,DSO-RD;,17267,26625
20240213-24,25.5,DSO-RD;,16407,26476
20240207-1,31.72,DSO-RD;,15013,25171
20240207-2,36.86,DSO-RD;,14824,25128
20240207-3,37.54,DSO-RD;,14653,25082
20240207-4,36.35,DSO-RD;,14785,25080
20240207-5,38.51,DSO-RD;,14996,24837
20240207-6,37.96,DSO-RD;,15591,24613
20240207-7,33.26,DSO-RD;,16761,24569
20240207-8,42.36,DSO-RD;,17894,24569
20240207-9,45.81,DSO-RD;,18235,24694
20240207-10,44.98,DSO-RD;,18026,24775
20240207-11,44.38,DSO-RD;,17562,24614
20240207-12,37.51,DSO-RD;,17071,24426
20240207-13,31.94,DSO-RD;,16642,24418
20240207-14,32.41,DSO-RD;,16655,24491
20240207-15,31.22,DSO-RD;,16751,24517
20240207-16,31.73,DSO-RD;,16936,24495
20240207-17,36.62,DSO-RD;,17728,24404
20240207-18,46.76,DSO-RD;,18478,24439
20240207-19,37.63,DSO-RD;,18692,24609
20240207-20,37.75,DSO-RD;,18450,24871
20240207-21,35.67,DSO-RD;,18070,25260
20240207-22,36.52,DSO-RD;,17460,24653
20240207-23,33.53,DSO-RD;,16369,25427
20240207-24,30.12,DSO-RD;,15367,25560
20231213-1,27.77,DSO-RD;,15093,26784
20231213-2,26.33,DSO-RD;,14857,26828
20231213-3,31.9,DSO-RD;,14586,26772
20231213-4,34.77,ADMIN;,14503,26542
20231213-5,27.45,DSO-RD;,14550,26365
20231213-6,26.74,DSO-RD;,15438,26346
20231213-7,29.88,DSO-RD;,16541,26521
20231213-8,39.79,DSO-RD;,18266,26578
20231213-9,33.88,DSO-RD;,18446,26077
20231213-10,31.51,DSO-RD;,18044,25957
20231213-11,32.06,DSO-RD;,17572,25015
20231213-12,42.86,DSO-RD;,17663,24920
20231213-13,29.9,DSO-RD;,17468,24924
20231213-14,29.66,ADMIN;,17293,24846
20231213-15,28.41,DSO-RD;,17377,24743
20231213-16,32.22,DSO-RD;,18170,24191
20231213-17,98.73,DSO-RD;,19410,24616
20231213-18,106.68,DSO-RD;,20004,24474
20231213-19,34.07,DSO-RD;,19491,24160
20231213-20,38.95,DSO-RD;,19321,24160
20231213-21,40.21,DSO-RD;,19220,24138
20231213-22,49.29,DSO-RD;,18640,24164
20231213-23,35.41,DSO-RD;,17400,23929
20231213-24,31.51,DSO-RD;,16274,24024
20231212-1,26.74,DSO-RD;,15250,25287
20231212-2,26.54,DSO-RD;,14777,26481
20231212-3,22.12,DSO-RD;,14384,26762
20231212-4,18.52,DSO-RD;,14318,27115
20231212-5,14.35,DSO-RD;,14506,27445
20231212-6,13.27,DSO-RD;,15032,27649
20231212-7,26.24,DSO-RD;,16289,27645
20231212-8,28.54,DSO-RD;,17570,27755
20231212-9,27.7,DSO-RD;,17968,27910
20231212-10,26.82,DSO-RD;,17724,27879
20231212-11,26.49,DSO-RD;,17547,27925
20231212-12,27.18,DSO-RD;,17491,27879
20231212-13,26.2,DSO-RD;,17588,27958
20231212-14,25.84,DSO-RD;,17574,27839
20231212-15,28.17,DSO-RD;,17549,27662
20231212-16,29.18,DSO-RD;,17827,27717
20231212-17,31.63,DSO-RD;,18828,27537
20231212-18,34.45,DSO-RD;,19461,27546
20231212-19,31.52,DSO-RD;,19053,27323
20231212-20,31.13,DSO-RD;,18847,27257
20231212-21,31.13,DSO-RD;,18480,27123
20231212-22,30.66,DSO-RD;,17923,27057
20231212-23,28.67,DSO-RD;,16888,26922
20231212-24,27.08,DSO-RD;,15741,26718
20240206-1,38.85,DSO-RD;,15403,25118
20240206-2,39.53,DSO-RD;,14989,25118
20240206-3,39.69,DSO-RD;,14867,25339
20240206-4,38.9,DSO-RD;,14902,25363
20240206-5,37.44,DSO-RD;,15150,25216
20240206-6,32.94,DSO-RD;,15674,25070
20240206-7,36.29,DSO-RD;,16790,25007
20240206-8,41.03,DSO-RD;,18257,25035
20240206-9,33.05,DSO-RD;,18017,24924
20240206-10,32.83,DSO-RD;,17212,24975
20240206-11,32.17,DSO-RD;,16599,25285
20240206-12,31.81,DSO-RD;,16118,25352
20240206-13,28.68,DSO-RD;,15900,25479
20240206-14,28.62,DSO-RD;,15701,25569
20240206-15,30.03,DSO-RD;,15763,25469
20240206-16,31.44,DSO-RD;,16276,25423
20240206-17,31.87,DSO-RD;,17266,25269
20240206-18,41.5,DSO-RD;,18520,25152
20240206-19,37.12,DSO-RD;,18983,25131
20240206-20,47.12,DSO-RD;,18868,25179
20240206-21,41.25,DSO-RD;,18480,25212
20240206-22,43.21,DSO-RD;,17780,24915
20240206-23,35.47,DSO-RD;,16755,24768
20240206-24,31.7,DSO-RD;,15758,25463
20240212-1,24.38,DSO-RD;,14747,25347
20240212-2,18.89,DSO-RD;,14159,25988
20240212-3,19.81,DSO-RD;,13979,26046
20240212-4,25.43,DSO-RD;,14030,25966
20240212-5,24.38,DSO-RD;,14219,25843
20240212-6,24.54,DSO-RD;,14790,25784
20240212-7,34.25,DSO-RD;,16086,24819
20240212-8,34.48,DSO-RD;,17474,25149
20240212-9,35.34,DSO-RD;,17979,24721
20240212-10,34.42,DSO-RD;,18010,24675
20240212-11,39.24,DSO-RD;,17937,24668
20240212-12,35.84,DSO-RD;,17486,24668
20240212-13,30.11,DSO-RD;,17038,24807
20240212-14,24.91,DSO-RD;,16862,24905
20240212-15,24.7,DSO-RD;,16579,24937
20240212-16,24.66,DSO-RD;,16886,25234
20240212-17,25.11,DSO-RD;,17584,25121
20240212-18,30.49,DSO-RD;,18320,24880
20240212-19,34.25,DSO-RD;,18660,24934
20240212-20,34.26,DSO-RD;,18639,24960
20240212-21,42.97,DSO-RD;,18405,24809
20240212-22,38.65,DSO-RD;,17775,24740
20240212-23,29.44,DSO-RD;,16790,24796
20240212-24,26.16,DSO-RD;,15942,24777
